序列1编号,序列2编号,序列1,序列2,相似度
1,1,CUGUCACAUGCAGGGUAGGUAUCUCGGGGGUUCGUUUGAG,CUGUCACAUGCAGGGUAGGUAUCUCGGGGGUUCGUUUGAG,1.0
2,2,AUGUCCCCUGGACGGAGGGAUACGUAUACAUUCGC,AUGUCCCCUGGACGGAGGGAUACGUAUACAUUCGC,1.0
3,3,GCGGAGGAAUAUUAUGCUGGGUAGACUGGCCCACU,GCGGAGGAAUAUUAUGCUGGGUAGACUGGCCCACU,1.0
4,4,CGUCACGUCAUACUAUGGAAUGUCUAGAGUACCCUGGUGG,CGUCACGUCAUACUAUGGAAUGUCUAGAGUACCCUGGUGG,1.0
5,5,CGUCCCUGUCUUGGACUGUAGGGACCCCCGUGAUCUACUA,CGUCCCUGUCUUGGACUGUAGGGACCCCCGUGAUCUACUA,1.0
6,6,CUGGCCCAUCCUGACCCGAGGUUGGAGUUAGAGGGACUUA,CUGGCCCAUCCUGACCCGAGGUUGGAGUUAGAGGGACUUA,1.0
7,7,AGGGUGGGGUGAGGUGACCCCGUCCAACACUCGACACAGA,AGGGUGGGGUGAGGUGACCCCGUCCAACACUCGACACAGA,1.0
8,8,CAGCUUCUUUCUGUAUGGUAUGCGUUGGGUACCCACACGA,CAGCUUCUUUCUGUAUGGUAUGCGUUGGGUACCCACACGA,1.0
9,9,CGGUCAUCAUUUGGGUAGUAAUCAGACCCAUUGAUGGGAA,CGGUCAUCAUUUGGGUAGUAAUCAGACCCAUUGAUGGGAA,1.0
10,10,GGACCCGGAGACCCUGGGCAUGACUUAUUGAAGUCGUACA,GGACCCGGAGACCCUGGGCAUGACUUAUUGAAGUCGUACA,1.0
11,11,GUGUCUGUACCCCCGGUGGUACGAUCUCGGAUGGUUCCGA,GUGUCUGUACCCCCGGUGGUACGAUCUCGGAUGGUUCCGA,1.0
12,12,AUUAGUUACAGGGUUUUGGUAAUCAUGGCUGGAUAGACAG,AUUAGUUACAGGGUUUUGGUAAUCAUGGCUGGAUAGACAG,1.0
13,13,UGGUGCGCCACGGAUCUGUGGGGAUCUCCUUUGUCUGGAA,UGGUGCGCCACGGAUCUGUGGGGAUCUCCUUUGUCUGGAA,1.0
14,14,GACGUGCCAAUGCAGGUCUGGGGGCGUUUAUGGUGUCUGG,GACGUGCCAAUGCAGGUCUGGGGGCGUUUAUGGUGUCUGG,1.0
15,15,GAGAACCUGACCCCAGCGGGCAUAGGAUGAUGUCUGGGUA,GAGAACCUGACCCCAGCGGGCAUAGGAUGAUGUCUGGGUA,1.0
16,16,GUCGUACUUCUGCGUGUACAGGGUUCAUGUUUCUCCCAGA,GUCGUACUUCUGCGUGUACAGGGUUCAUGUUUCUCCCAGA,1.0
17,17,GCGCUCUUCCUGCACUGAAGGGCGUCAGCAUGGGAUGCGU,GCGCUCUUCCUGCACUGAAGGGCGUCAGCAUGGGAUGCGU,1.0
18,18,GGGACUCUCGGUGGCCCGGCUGGGUAACAGACCAUCGUAG,GGGACUCUCGGUGGCCCGGCUGGGUAACAGACCAUCGUAG,1.0
19,19,UCGUCAUUGGUCGUGGGGCGUCGGGAUUGGCUCGCCCACA,UCGUCAUUGGUCGUGGGGCGUCGGGAUUGGCUCGCCCACA,1.0
20,20,UCUUGGGAUUUUGACAAACUCUUAGAAUUUUUAGG,UCUUGGGAUUUUGACAAACUCUUAGAAUUUUUAGG,1.0
21,21,CUUUGGGACGUGUAAGCUCGUGAUACACCCAUGGGUAACG,CUUUGGGACGUGUAAGCUCGUGAUACACCCAUGGGUAACG,1.0
22,22,GGCAUUACACAGCCAUCAGGCAGUGCAGUCUGGGUCUUCG,GGCAUUACACAGCCAUCAGGCAGUGCAGUCUGGGUCUUCG,1.0
23,23,GGACGUCAGUCGUAAAUCGACGAGUGGGUGCGCAG,GGACGUCAGUCGUAAAUCGACGAGUGGGUGCGCAG,1.0
24,24,AUUCUGUUUUGGGCCCGACUAGGAUUAGGUACCCAUGUCG,AUUCUGUUUUGGGCCCGACUAGGAUUAGGUACCCAUGUCG,1.0
25,25,AAGCAGAUUCGCAGCGGGGUGGGUGUCUCCCAGACAAGAA,AAGCAGAUUCGCAGCGGGGUGGGUGUCUCCCAGACAAGAA,1.0
26,26,UGGCCCGGGGCCACCGAUUGUUAACUCAGCAGUGGGGUGG,UGGCCCGGGGCCACCGAUUGUUAACUCAGCAGUGGGGUGG,1.0
27,27,ACGCAGCAGAGGAAGUAUCAUGGUCCAUGAGCGGGCACCA,ACGCAGCAGAGGAAGUAUCAUGGUCCAUGAGCGGGCACCA,1.0
28,28,CGGGGUUGCUGCACUCGGCAUAGCUGACAUAGGGCUCUGA,CGGGGUUGCUGCACUCGGCAUAGCUGACAUAGGGCUCUGA,1.0
29,29,UCGCGUUGUACCCUGGUACGGGCUGGUUUGGGGCUCCCCA,UCGCGUUGUACCCUGGUACGGGCUGGUUUGGGGCUCCCCA,1.0
4,8,CGUCACGUCAUACUAUGGAAUGUCUAGAGUACCCUGGUGG,CAGCUUCUUUCUGUAUGGUAUGCGUUGGGUACCCACACGA,0.5
8,4,CAGCUUCUUUCUGUAUGGUAUGCGUUGGGUACCCACACGA,CGUCACGUCAUACUAUGGAAUGUCUAGAGUACCCUGGUGG,0.5
1,2,CUGUCACAUGCAGGGUAGGUAUCUCGGGGGUUCGUUUGAG,AUGUCCCCUGGACGGAGGGAUACGUAUACAUUCGC,0.4857142857142857
2,1,AUGUCCCCUGGACGGAGGGAUACGUAUACAUUCGC,CUGUCACAUGCAGGGUAGGUAUCUCGGGGGUUCGUUUGAG,0.4857142857142857
1,9,CUGUCACAUGCAGGGUAGGUAUCUCGGGGGUUCGUUUGAG,CGGUCAUCAUUUGGGUAGUAAUCAGACCCAUUGAUGGGAA,0.475
5,13,CGUCCCUGUCUUGGACUGUAGGGACCCCCGUGAUCUACUA,UGGUGCGCCACGGAUCUGUGGGGAUCUCCUUUGUCUGGAA,0.475
9,1,CGGUCAUCAUUUGGGUAGUAAUCAGACCCAUUGAUGGGAA,CUGUCACAUGCAGGGUAGGUAUCUCGGGGGUUCGUUUGAG,0.475
13,5,UGGUGCGCCACGGAUCUGUGGGGAUCUCCUUUGUCUGGAA,CGUCCCUGUCUUGGACUGUAGGGACCCCCGUGAUCUACUA,0.475
8,24,CAGCUUCUUUCUGUAUGGUAUGCGUUGGGUACCCACACGA,AUUCUGUUUUGGGCCCGACUAGGAUUAGGUACCCAUGUCG,0.45
14,16,GACGUGCCAAUGCAGGUCUGGGGGCGUUUAUGGUGUCUGG,GUCGUACUUCUGCGUGUACAGGGUUCAUGUUUCUCCCAGA,0.45
16,14,GUCGUACUUCUGCGUGUACAGGGUUCAUGUUUCUCCCAGA,GACGUGCCAAUGCAGGUCUGGGGGCGUUUAUGGUGUCUGG,0.45
19,29,UCGUCAUUGGUCGUGGGGCGUCGGGAUUGGCUCGCCCACA,UCGCGUUGUACCCUGGUACGGGCUGGUUUGGGGCUCCCCA,0.45
24,8,AUUCUGUUUUGGGCCCGACUAGGAUUAGGUACCCAUGUCG,CAGCUUCUUUCUGUAUGGUAUGCGUUGGGUACCCACACGA,0.45
29,19,UCGCGUUGUACCCUGGUACGGGCUGGUUUGGGGCUCCCCA,UCGUCAUUGGUCGUGGGGCGUCGGGAUUGGCUCGCCCACA,0.45
2,19,AUGUCCCCUGGACGGAGGGAUACGUAUACAUUCGC,UCGUCAUUGGUCGUGGGGCGUCGGGAUUGGCUCGCCCACA,0.42857142857142855
19,2,UCGUCAUUGGUCGUGGGGCGUCGGGAUUGGCUCGCCCACA,AUGUCCCCUGGACGGAGGGAUACGUAUACAUUCGC,0.42857142857142855
5,9,CGUCCCUGUCUUGGACUGUAGGGACCCCCGUGAUCUACUA,CGGUCAUCAUUUGGGUAGUAAUCAGACCCAUUGAUGGGAA,0.425
7,28,AGGGUGGGGUGAGGUGACCCCGUCCAACACUCGACACAGA,CGGGGUUGCUGCACUCGGCAUAGCUGACAUAGGGCUCUGA,0.425
9,5,CGGUCAUCAUUUGGGUAGUAAUCAGACCCAUUGAUGGGAA,CGUCCCUGUCUUGGACUGUAGGGACCCCCGUGAUCUACUA,0.425
9,13,CGGUCAUCAUUUGGGUAGUAAUCAGACCCAUUGAUGGGAA,UGGUGCGCCACGGAUCUGUGGGGAUCUCCUUUGUCUGGAA,0.425
10,28,GGACCCGGAGACCCUGGGCAUGACUUAUUGAAGUCGUACA,CGGGGUUGCUGCACUCGGCAUAGCUGACAUAGGGCUCUGA,0.425
11,19,GUGUCUGUACCCCCGGUGGUACGAUCUCGGAUGGUUCCGA,UCGUCAUUGGUCGUGGGGCGUCGGGAUUGGCUCGCCCACA,0.425
13,9,UGGUGCGCCACGGAUCUGUGGGGAUCUCCUUUGUCUGGAA,CGGUCAUCAUUUGGGUAGUAAUCAGACCCAUUGAUGGGAA,0.425
19,11,UCGUCAUUGGUCGUGGGGCGUCGGGAUUGGCUCGCCCACA,GUGUCUGUACCCCCGGUGGUACGAUCUCGGAUGGUUCCGA,0.425
28,7,CGGGGUUGCUGCACUCGGCAUAGCUGACAUAGGGCUCUGA,AGGGUGGGGUGAGGUGACCCCGUCCAACACUCGACACAGA,0.425
28,10,CGGGGUUGCUGCACUCGGCAUAGCUGACAUAGGGCUCUGA,GGACCCGGAGACCCUGGGCAUGACUUAUUGAAGUCGUACA,0.425
1,11,CUGUCACAUGCAGGGUAGGUAUCUCGGGGGUUCGUUUGAG,GUGUCUGUACCCCCGGUGGUACGAUCUCGGAUGGUUCCGA,0.4
2,9,AUGUCCCCUGGACGGAGGGAUACGUAUACAUUCGC,CGGUCAUCAUUUGGGUAGUAAUCAGACCCAUUGAUGGGAA,0.4
6,20,CUGGCCCAUCCUGACCCGAGGUUGGAGUUAGAGGGACUUA,UCUUGGGAUUUUGACAAACUCUUAGAAUUUUUAGG,0.4
9,2,CGGUCAUCAUUUGGGUAGUAAUCAGACCCAUUGAUGGGAA,AUGUCCCCUGGACGGAGGGAUACGUAUACAUUCGC,0.4
11,1,GUGUCUGUACCCCCGGUGGUACGAUCUCGGAUGGUUCCGA,CUGUCACAUGCAGGGUAGGUAUCUCGGGGGUUCGUUUGAG,0.4
11,13,GUGUCUGUACCCCCGGUGGUACGAUCUCGGAUGGUUCCGA,UGGUGCGCCACGGAUCUGUGGGGAUCUCCUUUGUCUGGAA,0.4
13,11,UGGUGCGCCACGGAUCUGUGGGGAUCUCCUUUGUCUGGAA,GUGUCUGUACCCCCGGUGGUACGAUCUCGGAUGGUUCCGA,0.4
14,17,GACGUGCCAAUGCAGGUCUGGGGGCGUUUAUGGUGUCUGG,GCGCUCUUCCUGCACUGAAGGGCGUCAGCAUGGGAUGCGU,0.4
17,14,GCGCUCUUCCUGCACUGAAGGGCGUCAGCAUGGGAUGCGU,GACGUGCCAAUGCAGGUCUGGGGGCGUUUAUGGUGUCUGG,0.4
20,6,UCUUGGGAUUUUGACAAACUCUUAGAAUUUUUAGG,CUGGCCCAUCCUGACCCGAGGUUGGAGUUAGAGGGACUUA,0.4
21,27,CUUUGGGACGUGUAAGCUCGUGAUACACCCAUGGGUAACG,ACGCAGCAGAGGAAGUAUCAUGGUCCAUGAGCGGGCACCA,0.4
27,21,ACGCAGCAGAGGAAGUAUCAUGGUCCAUGAGCGGGCACCA,CUUUGGGACGUGUAAGCUCGUGAUACACCCAUGGGUAACG,0.4
4,18,CGUCACGUCAUACUAUGGAAUGUCUAGAGUACCCUGGUGG,GGGACUCUCGGUGGCCCGGCUGGGUAACAGACCAUCGUAG,0.375
4,24,CGUCACGUCAUACUAUGGAAUGUCUAGAGUACCCUGGUGG,AUUCUGUUUUGGGCCCGACUAGGAUUAGGUACCCAUGUCG,0.375
8,18,CAGCUUCUUUCUGUAUGGUAUGCGUUGGGUACCCACACGA,GGGACUCUCGGUGGCCCGGCUGGGUAACAGACCAUCGUAG,0.375
10,26,GGACCCGGAGACCCUGGGCAUGACUUAUUGAAGUCGUACA,UGGCCCGGGGCCACCGAUUGUUAACUCAGCAGUGGGGUGG,0.375
11,16,GUGUCUGUACCCCCGGUGGUACGAUCUCGGAUGGUUCCGA,GUCGUACUUCUGCGUGUACAGGGUUCAUGUUUCUCCCAGA,0.375
11,28,GUGUCUGUACCCCCGGUGGUACGAUCUCGGAUGGUUCCGA,CGGGGUUGCUGCACUCGGCAUAGCUGACAUAGGGCUCUGA,0.375
11,29,GUGUCUGUACCCCCGGUGGUACGAUCUCGGAUGGUUCCGA,UCGCGUUGUACCCUGGUACGGGCUGGUUUGGGGCUCCCCA,0.375
13,14,UGGUGCGCCACGGAUCUGUGGGGAUCUCCUUUGUCUGGAA,GACGUGCCAAUGCAGGUCUGGGGGCGUUUAUGGUGUCUGG,0.375
13,17,UGGUGCGCCACGGAUCUGUGGGGAUCUCCUUUGUCUGGAA,GCGCUCUUCCUGCACUGAAGGGCGUCAGCAUGGGAUGCGU,0.375
13,28,UGGUGCGCCACGGAUCUGUGGGGAUCUCCUUUGUCUGGAA,CGGGGUUGCUGCACUCGGCAUAGCUGACAUAGGGCUCUGA,0.375
14,13,GACGUGCCAAUGCAGGUCUGGGGGCGUUUAUGGUGUCUGG,UGGUGCGCCACGGAUCUGUGGGGAUCUCCUUUGUCUGGAA,0.375
14,22,GACGUGCCAAUGCAGGUCUGGGGGCGUUUAUGGUGUCUGG,GGCAUUACACAGCCAUCAGGCAGUGCAGUCUGGGUCUUCG,0.375
14,29,GACGUGCCAAUGCAGGUCUGGGGGCGUUUAUGGUGUCUGG,UCGCGUUGUACCCUGGUACGGGCUGGUUUGGGGCUCCCCA,0.375
15,22,GAGAACCUGACCCCAGCGGGCAUAGGAUGAUGUCUGGGUA,GGCAUUACACAGCCAUCAGGCAGUGCAGUCUGGGUCUUCG,0.375
16,11,GUCGUACUUCUGCGUGUACAGGGUUCAUGUUUCUCCCAGA,GUGUCUGUACCCCCGGUGGUACGAUCUCGGAUGGUUCCGA,0.375
16,17,GUCGUACUUCUGCGUGUACAGGGUUCAUGUUUCUCCCAGA,GCGCUCUUCCUGCACUGAAGGGCGUCAGCAUGGGAUGCGU,0.375
16,19,GUCGUACUUCUGCGUGUACAGGGUUCAUGUUUCUCCCAGA,UCGUCAUUGGUCGUGGGGCGUCGGGAUUGGCUCGCCCACA,0.375
17,13,GCGCUCUUCCUGCACUGAAGGGCGUCAGCAUGGGAUGCGU,UGGUGCGCCACGGAUCUGUGGGGAUCUCCUUUGUCUGGAA,0.375
17,16,GCGCUCUUCCUGCACUGAAGGGCGUCAGCAUGGGAUGCGU,GUCGUACUUCUGCGUGUACAGGGUUCAUGUUUCUCCCAGA,0.375
17,22,GCGCUCUUCCUGCACUGAAGGGCGUCAGCAUGGGAUGCGU,GGCAUUACACAGCCAUCAGGCAGUGCAGUCUGGGUCUUCG,0.375
17,24,GCGCUCUUCCUGCACUGAAGGGCGUCAGCAUGGGAUGCGU,AUUCUGUUUUGGGCCCGACUAGGAUUAGGUACCCAUGUCG,0.375
18,4,GGGACUCUCGGUGGCCCGGCUGGGUAACAGACCAUCGUAG,CGUCACGUCAUACUAUGGAAUGUCUAGAGUACCCUGGUGG,0.375
18,8,GGGACUCUCGGUGGCCCGGCUGGGUAACAGACCAUCGUAG,CAGCUUCUUUCUGUAUGGUAUGCGUUGGGUACCCACACGA,0.375
18,24,GGGACUCUCGGUGGCCCGGCUGGGUAACAGACCAUCGUAG,AUUCUGUUUUGGGCCCGACUAGGAUUAGGUACCCAUGUCG,0.375
18,28,GGGACUCUCGGUGGCCCGGCUGGGUAACAGACCAUCGUAG,CGGGGUUGCUGCACUCGGCAUAGCUGACAUAGGGCUCUGA,0.375
19,16,UCGUCAUUGGUCGUGGGGCGUCGGGAUUGGCUCGCCCACA,GUCGUACUUCUGCGUGUACAGGGUUCAUGUUUCUCCCAGA,0.375
22,14,GGCAUUACACAGCCAUCAGGCAGUGCAGUCUGGGUCUUCG,GACGUGCCAAUGCAGGUCUGGGGGCGUUUAUGGUGUCUGG,0.375
22,15,GGCAUUACACAGCCAUCAGGCAGUGCAGUCUGGGUCUUCG,GAGAACCUGACCCCAGCGGGCAUAGGAUGAUGUCUGGGUA,0.375
22,17,GGCAUUACACAGCCAUCAGGCAGUGCAGUCUGGGUCUUCG,GCGCUCUUCCUGCACUGAAGGGCGUCAGCAUGGGAUGCGU,0.375
24,4,AUUCUGUUUUGGGCCCGACUAGGAUUAGGUACCCAUGUCG,CGUCACGUCAUACUAUGGAAUGUCUAGAGUACCCUGGUGG,0.375
24,17,AUUCUGUUUUGGGCCCGACUAGGAUUAGGUACCCAUGUCG,GCGCUCUUCCUGCACUGAAGGGCGUCAGCAUGGGAUGCGU,0.375
24,18,AUUCUGUUUUGGGCCCGACUAGGAUUAGGUACCCAUGUCG,GGGACUCUCGGUGGCCCGGCUGGGUAACAGACCAUCGUAG,0.375
26,10,UGGCCCGGGGCCACCGAUUGUUAACUCAGCAGUGGGGUGG,GGACCCGGAGACCCUGGGCAUGACUUAUUGAAGUCGUACA,0.375
27,29,ACGCAGCAGAGGAAGUAUCAUGGUCCAUGAGCGGGCACCA,UCGCGUUGUACCCUGGUACGGGCUGGUUUGGGGCUCCCCA,0.375
28,11,CGGGGUUGCUGCACUCGGCAUAGCUGACAUAGGGCUCUGA,GUGUCUGUACCCCCGGUGGUACGAUCUCGGAUGGUUCCGA,0.375
28,13,CGGGGUUGCUGCACUCGGCAUAGCUGACAUAGGGCUCUGA,UGGUGCGCCACGGAUCUGUGGGGAUCUCCUUUGUCUGGAA,0.375
28,18,CGGGGUUGCUGCACUCGGCAUAGCUGACAUAGGGCUCUGA,GGGACUCUCGGUGGCCCGGCUGGGUAACAGACCAUCGUAG,0.375
29,11,UCGCGUUGUACCCUGGUACGGGCUGGUUUGGGGCUCCCCA,GUGUCUGUACCCCCGGUGGUACGAUCUCGGAUGGUUCCGA,0.375
29,14,UCGCGUUGUACCCUGGUACGGGCUGGUUUGGGGCUCCCCA,GACGUGCCAAUGCAGGUCUGGGGGCGUUUAUGGUGUCUGG,0.375
29,27,UCGCGUUGUACCCUGGUACGGGCUGGUUUGGGGCUCCCCA,ACGCAGCAGAGGAAGUAUCAUGGUCCAUGAGCGGGCACCA,0.375
2,18,AUGUCCCCUGGACGGAGGGAUACGUAUACAUUCGC,GGGACUCUCGGUGGCCCGGCUGGGUAACAGACCAUCGUAG,0.37142857142857144
3,21,GCGGAGGAAUAUUAUGCUGGGUAGACUGGCCCACU,CUUUGGGACGUGUAAGCUCGUGAUACACCCAUGGGUAACG,0.37142857142857144
8,23,CAGCUUCUUUCUGUAUGGUAUGCGUUGGGUACCCACACGA,GGACGUCAGUCGUAAAUCGACGAGUGGGUGCGCAG,0.37142857142857144
18,2,GGGACUCUCGGUGGCCCGGCUGGGUAACAGACCAUCGUAG,AUGUCCCCUGGACGGAGGGAUACGUAUACAUUCGC,0.37142857142857144
20,21,UCUUGGGAUUUUGACAAACUCUUAGAAUUUUUAGG,CUUUGGGACGUGUAAGCUCGUGAUACACCCAUGGGUAACG,0.37142857142857144
21,3,CUUUGGGACGUGUAAGCUCGUGAUACACCCAUGGGUAACG,GCGGAGGAAUAUUAUGCUGGGUAGACUGGCCCACU,0.37142857142857144
21,20,CUUUGGGACGUGUAAGCUCGUGAUACACCCAUGGGUAACG,UCUUGGGAUUUUGACAAACUCUUAGAAUUUUUAGG,0.37142857142857144
23,8,GGACGUCAGUCGUAAAUCGACGAGUGGGUGCGCAG,CAGCUUCUUUCUGUAUGGUAUGCGUUGGGUACCCACACGA,0.37142857142857144
4,10,CGUCACGUCAUACUAUGGAAUGUCUAGAGUACCCUGGUGG,GGACCCGGAGACCCUGGGCAUGACUUAUUGAAGUCGUACA,0.35
5,16,CGUCCCUGUCUUGGACUGUAGGGACCCCCGUGAUCUACUA,GUCGUACUUCUGCGUGUACAGGGUUCAUGUUUCUCCCAGA,0.35
7,16,AGGGUGGGGUGAGGUGACCCCGUCCAACACUCGACACAGA,GUCGUACUUCUGCGUGUACAGGGUUCAUGUUUCUCCCAGA,0.35
8,17,CAGCUUCUUUCUGUAUGGUAUGCGUUGGGUACCCACACGA,GCGCUCUUCCUGCACUGAAGGGCGUCAGCAUGGGAUGCGU,0.35
10,4,GGACCCGGAGACCCUGGGCAUGACUUAUUGAAGUCGUACA,CGUCACGUCAUACUAUGGAAUGUCUAGAGUACCCUGGUGG,0.35
10,11,GGACCCGGAGACCCUGGGCAUGACUUAUUGAAGUCGUACA,GUGUCUGUACCCCCGGUGGUACGAUCUCGGAUGGUUCCGA,0.35
10,16,GGACCCGGAGACCCUGGGCAUGACUUAUUGAAGUCGUACA,GUCGUACUUCUGCGUGUACAGGGUUCAUGUUUCUCCCAGA,0.35
10,19,GGACCCGGAGACCCUGGGCAUGACUUAUUGAAGUCGUACA,UCGUCAUUGGUCGUGGGGCGUCGGGAUUGGCUCGCCCACA,0.35
11,10,GUGUCUGUACCCCCGGUGGUACGAUCUCGGAUGGUUCCGA,GGACCCGGAGACCCUGGGCAUGACUUAUUGAAGUCGUACA,0.35
11,15,GUGUCUGUACCCCCGGUGGUACGAUCUCGGAUGGUUCCGA,GAGAACCUGACCCCAGCGGGCAUAGGAUGAUGUCUGGGUA,0.35
12,24,AUUAGUUACAGGGUUUUGGUAAUCAUGGCUGGAUAGACAG,AUUCUGUUUUGGGCCCGACUAGGAUUAGGUACCCAUGUCG,0.35
13,16,UGGUGCGCCACGGAUCUGUGGGGAUCUCCUUUGUCUGGAA,GUCGUACUUCUGCGUGUACAGGGUUCAUGUUUCUCCCAGA,0.35
13,21,UGGUGCGCCACGGAUCUGUGGGGAUCUCCUUUGUCUGGAA,CUUUGGGACGUGUAAGCUCGUGAUACACCCAUGGGUAACG,0.35
15,11,GAGAACCUGACCCCAGCGGGCAUAGGAUGAUGUCUGGGUA,GUGUCUGUACCCCCGGUGGUACGAUCUCGGAUGGUUCCGA,0.35
15,26,GAGAACCUGACCCCAGCGGGCAUAGGAUGAUGUCUGGGUA,UGGCCCGGGGCCACCGAUUGUUAACUCAGCAGUGGGGUGG,0.35
15,29,GAGAACCUGACCCCAGCGGGCAUAGGAUGAUGUCUGGGUA,UCGCGUUGUACCCUGGUACGGGCUGGUUUGGGGCUCCCCA,0.35
16,5,GUCGUACUUCUGCGUGUACAGGGUUCAUGUUUCUCCCAGA,CGUCCCUGUCUUGGACUGUAGGGACCCCCGUGAUCUACUA,0.35
16,7,GUCGUACUUCUGCGUGUACAGGGUUCAUGUUUCUCCCAGA,AGGGUGGGGUGAGGUGACCCCGUCCAACACUCGACACAGA,0.35
16,10,GUCGUACUUCUGCGUGUACAGGGUUCAUGUUUCUCCCAGA,GGACCCGGAGACCCUGGGCAUGACUUAUUGAAGUCGUACA,0.35
16,13,GUCGUACUUCUGCGUGUACAGGGUUCAUGUUUCUCCCAGA,UGGUGCGCCACGGAUCUGUGGGGAUCUCCUUUGUCUGGAA,0.35
16,24,GUCGUACUUCUGCGUGUACAGGGUUCAUGUUUCUCCCAGA,AUUCUGUUUUGGGCCCGACUAGGAUUAGGUACCCAUGUCG,0.35
17,8,GCGCUCUUCCUGCACUGAAGGGCGUCAGCAUGGGAUGCGU,CAGCUUCUUUCUGUAUGGUAUGCGUUGGGUACCCACACGA,0.35
19,10,UCGUCAUUGGUCGUGGGGCGUCGGGAUUGGCUCGCCCACA,GGACCCGGAGACCCUGGGCAUGACUUAUUGAAGUCGUACA,0.35
21,13,CUUUGGGACGUGUAAGCUCGUGAUACACCCAUGGGUAACG,UGGUGCGCCACGGAUCUGUGGGGAUCUCCUUUGUCUGGAA,0.35
24,12,AUUCUGUUUUGGGCCCGACUAGGAUUAGGUACCCAUGUCG,AUUAGUUACAGGGUUUUGGUAAUCAUGGCUGGAUAGACAG,0.35
24,16,AUUCUGUUUUGGGCCCGACUAGGAUUAGGUACCCAUGUCG,GUCGUACUUCUGCGUGUACAGGGUUCAUGUUUCUCCCAGA,0.35
24,28,AUUCUGUUUUGGGCCCGACUAGGAUUAGGUACCCAUGUCG,CGGGGUUGCUGCACUCGGCAUAGCUGACAUAGGGCUCUGA,0.35
25,27,AAGCAGAUUCGCAGCGGGGUGGGUGUCUCCCAGACAAGAA,ACGCAGCAGAGGAAGUAUCAUGGUCCAUGAGCGGGCACCA,0.35
26,15,UGGCCCGGGGCCACCGAUUGUUAACUCAGCAGUGGGGUGG,GAGAACCUGACCCCAGCGGGCAUAGGAUGAUGUCUGGGUA,0.35
27,25,ACGCAGCAGAGGAAGUAUCAUGGUCCAUGAGCGGGCACCA,AAGCAGAUUCGCAGCGGGGUGGGUGUCUCCCAGACAAGAA,0.35
28,24,CGGGGUUGCUGCACUCGGCAUAGCUGACAUAGGGCUCUGA,AUUCUGUUUUGGGCCCGACUAGGAUUAGGUACCCAUGUCG,0.35
29,15,UCGCGUUGUACCCUGGUACGGGCUGGUUUGGGGCUCCCCA,GAGAACCUGACCCCAGCGGGCAUAGGAUGAUGUCUGGGUA,0.35
2,11,AUGUCCCCUGGACGGAGGGAUACGUAUACAUUCGC,GUGUCUGUACCCCCGGUGGUACGAUCUCGGAUGGUUCCGA,0.34285714285714286
9,20,CGGUCAUCAUUUGGGUAGUAAUCAGACCCAUUGAUGGGAA,UCUUGGGAUUUUGACAAACUCUUAGAAUUUUUAGG,0.34285714285714286
11,2,GUGUCUGUACCCCCGGUGGUACGAUCUCGGAUGGUUCCGA,AUGUCCCCUGGACGGAGGGAUACGUAUACAUUCGC,0.34285714285714286
14,23,GACGUGCCAAUGCAGGUCUGGGGGCGUUUAUGGUGUCUGG,GGACGUCAGUCGUAAAUCGACGAGUGGGUGCGCAG,0.34285714285714286
20,9,UCUUGGGAUUUUGACAAACUCUUAGAAUUUUUAGG,CGGUCAUCAUUUGGGUAGUAAUCAGACCCAUUGAUGGGAA,0.34285714285714286
20,24,UCUUGGGAUUUUGACAAACUCUUAGAAUUUUUAGG,AUUCUGUUUUGGGCCCGACUAGGAUUAGGUACCCAUGUCG,0.34285714285714286
23,14,GGACGUCAGUCGUAAAUCGACGAGUGGGUGCGCAG,GACGUGCCAAUGCAGGUCUGGGGGCGUUUAUGGUGUCUGG,0.34285714285714286
24,20,AUUCUGUUUUGGGCCCGACUAGGAUUAGGUACCCAUGUCG,UCUUGGGAUUUUGACAAACUCUUAGAAUUUUUAGG,0.34285714285714286
1,6,CUGUCACAUGCAGGGUAGGUAUCUCGGGGGUUCGUUUGAG,CUGGCCCAUCCUGACCCGAGGUUGGAGUUAGAGGGACUUA,0.325
1,8,CUGUCACAUGCAGGGUAGGUAUCUCGGGGGUUCGUUUGAG,CAGCUUCUUUCUGUAUGGUAUGCGUUGGGUACCCACACGA,0.325
1,18,CUGUCACAUGCAGGGUAGGUAUCUCGGGGGUUCGUUUGAG,GGGACUCUCGGUGGCCCGGCUGGGUAACAGACCAUCGUAG,0.325
1,19,CUGUCACAUGCAGGGUAGGUAUCUCGGGGGUUCGUUUGAG,UCGUCAUUGGUCGUGGGGCGUCGGGAUUGGCUCGCCCACA,0.325
4,15,CGUCACGUCAUACUAUGGAAUGUCUAGAGUACCCUGGUGG,GAGAACCUGACCCCAGCGGGCAUAGGAUGAUGUCUGGGUA,0.325
4,17,CGUCACGUCAUACUAUGGAAUGUCUAGAGUACCCUGGUGG,GCGCUCUUCCUGCACUGAAGGGCGUCAGCAUGGGAUGCGU,0.325
4,26,CGUCACGUCAUACUAUGGAAUGUCUAGAGUACCCUGGUGG,UGGCCCGGGGCCACCGAUUGUUAACUCAGCAGUGGGGUGG,0.325
4,28,CGUCACGUCAUACUAUGGAAUGUCUAGAGUACCCUGGUGG,CGGGGUUGCUGCACUCGGCAUAGCUGACAUAGGGCUCUGA,0.325
5,8,CGUCCCUGUCUUGGACUGUAGGGACCCCCGUGAUCUACUA,CAGCUUCUUUCUGUAUGGUAUGCGUUGGGUACCCACACGA,0.325
5,17,CGUCCCUGUCUUGGACUGUAGGGACCCCCGUGAUCUACUA,GCGCUCUUCCUGCACUGAAGGGCGUCAGCAUGGGAUGCGU,0.325
5,25,CGUCCCUGUCUUGGACUGUAGGGACCCCCGUGAUCUACUA,AAGCAGAUUCGCAGCGGGGUGGGUGUCUCCCAGACAAGAA,0.325
5,28,CGUCCCUGUCUUGGACUGUAGGGACCCCCGUGAUCUACUA,CGGGGUUGCUGCACUCGGCAUAGCUGACAUAGGGCUCUGA,0.325
6,1,CUGGCCCAUCCUGACCCGAGGUUGGAGUUAGAGGGACUUA,CUGUCACAUGCAGGGUAGGUAUCUCGGGGGUUCGUUUGAG,0.325
6,14,CUGGCCCAUCCUGACCCGAGGUUGGAGUUAGAGGGACUUA,GACGUGCCAAUGCAGGUCUGGGGGCGUUUAUGGUGUCUGG,0.325
6,15,CUGGCCCAUCCUGACCCGAGGUUGGAGUUAGAGGGACUUA,GAGAACCUGACCCCAGCGGGCAUAGGAUGAUGUCUGGGUA,0.325
7,10,AGGGUGGGGUGAGGUGACCCCGUCCAACACUCGACACAGA,GGACCCGGAGACCCUGGGCAUGACUUAUUGAAGUCGUACA,0.325
7,18,AGGGUGGGGUGAGGUGACCCCGUCCAACACUCGACACAGA,GGGACUCUCGGUGGCCCGGCUGGGUAACAGACCAUCGUAG,0.325
7,25,AGGGUGGGGUGAGGUGACCCCGUCCAACACUCGACACAGA,AAGCAGAUUCGCAGCGGGGUGGGUGUCUCCCAGACAAGAA,0.325
7,27,AGGGUGGGGUGAGGUGACCCCGUCCAACACUCGACACAGA,ACGCAGCAGAGGAAGUAUCAUGGUCCAUGAGCGGGCACCA,0.325
8,1,CAGCUUCUUUCUGUAUGGUAUGCGUUGGGUACCCACACGA,CUGUCACAUGCAGGGUAGGUAUCUCGGGGGUUCGUUUGAG,0.325
8,5,CAGCUUCUUUCUGUAUGGUAUGCGUUGGGUACCCACACGA,CGUCCCUGUCUUGGACUGUAGGGACCCCCGUGAUCUACUA,0.325
8,16,CAGCUUCUUUCUGUAUGGUAUGCGUUGGGUACCCACACGA,GUCGUACUUCUGCGUGUACAGGGUUCAUGUUUCUCCCAGA,0.325
8,27,CAGCUUCUUUCUGUAUGGUAUGCGUUGGGUACCCACACGA,ACGCAGCAGAGGAAGUAUCAUGGUCCAUGAGCGGGCACCA,0.325
8,28,CAGCUUCUUUCUGUAUGGUAUGCGUUGGGUACCCACACGA,CGGGGUUGCUGCACUCGGCAUAGCUGACAUAGGGCUCUGA,0.325
9,11,CGGUCAUCAUUUGGGUAGUAAUCAGACCCAUUGAUGGGAA,GUGUCUGUACCCCCGGUGGUACGAUCUCGGAUGGUUCCGA,0.325
9,18,CGGUCAUCAUUUGGGUAGUAAUCAGACCCAUUGAUGGGAA,GGGACUCUCGGUGGCCCGGCUGGGUAACAGACCAUCGUAG,0.325
9,19,CGGUCAUCAUUUGGGUAGUAAUCAGACCCAUUGAUGGGAA,UCGUCAUUGGUCGUGGGGCGUCGGGAUUGGCUCGCCCACA,0.325
10,7,GGACCCGGAGACCCUGGGCAUGACUUAUUGAAGUCGUACA,AGGGUGGGGUGAGGUGACCCCGUCCAACACUCGACACAGA,0.325
10,29,GGACCCGGAGACCCUGGGCAUGACUUAUUGAAGUCGUACA,UCGCGUUGUACCCUGGUACGGGCUGGUUUGGGGCUCCCCA,0.325
11,9,GUGUCUGUACCCCCGGUGGUACGAUCUCGGAUGGUUCCGA,CGGUCAUCAUUUGGGUAGUAAUCAGACCCAUUGAUGGGAA,0.325
11,18,GUGUCUGUACCCCCGGUGGUACGAUCUCGGAUGGUUCCGA,GGGACUCUCGGUGGCCCGGCUGGGUAACAGACCAUCGUAG,0.325
14,6,GACGUGCCAAUGCAGGUCUGGGGGCGUUUAUGGUGUCUGG,CUGGCCCAUCCUGACCCGAGGUUGGAGUUAGAGGGACUUA,0.325
14,27,GACGUGCCAAUGCAGGUCUGGGGGCGUUUAUGGUGUCUGG,ACGCAGCAGAGGAAGUAUCAUGGUCCAUGAGCGGGCACCA,0.325
15,4,GAGAACCUGACCCCAGCGGGCAUAGGAUGAUGUCUGGGUA,CGUCACGUCAUACUAUGGAAUGUCUAGAGUACCCUGGUGG,0.325
15,6,GAGAACCUGACCCCAGCGGGCAUAGGAUGAUGUCUGGGUA,CUGGCCCAUCCUGACCCGAGGUUGGAGUUAGAGGGACUUA,0.325
16,8,GUCGUACUUCUGCGUGUACAGGGUUCAUGUUUCUCCCAGA,CAGCUUCUUUCUGUAUGGUAUGCGUUGGGUACCCACACGA,0.325
16,22,GUCGUACUUCUGCGUGUACAGGGUUCAUGUUUCUCCCAGA,GGCAUUACACAGCCAUCAGGCAGUGCAGUCUGGGUCUUCG,0.325
16,27,GUCGUACUUCUGCGUGUACAGGGUUCAUGUUUCUCCCAGA,ACGCAGCAGAGGAAGUAUCAUGGUCCAUGAGCGGGCACCA,0.325
16,29,GUCGUACUUCUGCGUGUACAGGGUUCAUGUUUCUCCCAGA,UCGCGUUGUACCCUGGUACGGGCUGGUUUGGGGCUCCCCA,0.325
17,4,GCGCUCUUCCUGCACUGAAGGGCGUCAGCAUGGGAUGCGU,CGUCACGUCAUACUAUGGAAUGUCUAGAGUACCCUGGUGG,0.325
17,5,GCGCUCUUCCUGCACUGAAGGGCGUCAGCAUGGGAUGCGU,CGUCCCUGUCUUGGACUGUAGGGACCCCCGUGAUCUACUA,0.325
17,27,GCGCUCUUCCUGCACUGAAGGGCGUCAGCAUGGGAUGCGU,ACGCAGCAGAGGAAGUAUCAUGGUCCAUGAGCGGGCACCA,0.325
17,29,GCGCUCUUCCUGCACUGAAGGGCGUCAGCAUGGGAUGCGU,UCGCGUUGUACCCUGGUACGGGCUGGUUUGGGGCUCCCCA,0.325
18,1,GGGACUCUCGGUGGCCCGGCUGGGUAACAGACCAUCGUAG,CUGUCACAUGCAGGGUAGGUAUCUCGGGGGUUCGUUUGAG,0.325
18,7,GGGACUCUCGGUGGCCCGGCUGGGUAACAGACCAUCGUAG,AGGGUGGGGUGAGGUGACCCCGUCCAACACUCGACACAGA,0.325
18,9,GGGACUCUCGGUGGCCCGGCUGGGUAACAGACCAUCGUAG,CGGUCAUCAUUUGGGUAGUAAUCAGACCCAUUGAUGGGAA,0.325
18,11,GGGACUCUCGGUGGCCCGGCUGGGUAACAGACCAUCGUAG,GUGUCUGUACCCCCGGUGGUACGAUCUCGGAUGGUUCCGA,0.325
18,19,GGGACUCUCGGUGGCCCGGCUGGGUAACAGACCAUCGUAG,UCGUCAUUGGUCGUGGGGCGUCGGGAUUGGCUCGCCCACA,0.325
19,1,UCGUCAUUGGUCGUGGGGCGUCGGGAUUGGCUCGCCCACA,CUGUCACAUGCAGGGUAGGUAUCUCGGGGGUUCGUUUGAG,0.325
19,9,UCGUCAUUGGUCGUGGGGCGUCGGGAUUGGCUCGCCCACA,CGGUCAUCAUUUGGGUAGUAAUCAGACCCAUUGAUGGGAA,0.325
19,18,UCGUCAUUGGUCGUGGGGCGUCGGGAUUGGCUCGCCCACA,GGGACUCUCGGUGGCCCGGCUGGGUAACAGACCAUCGUAG,0.325
19,27,UCGUCAUUGGUCGUGGGGCGUCGGGAUUGGCUCGCCCACA,ACGCAGCAGAGGAAGUAUCAUGGUCCAUGAGCGGGCACCA,0.325
22,16,GGCAUUACACAGCCAUCAGGCAGUGCAGUCUGGGUCUUCG,GUCGUACUUCUGCGUGUACAGGGUUCAUGUUUCUCCCAGA,0.325
25,5,AAGCAGAUUCGCAGCGGGGUGGGUGUCUCCCAGACAAGAA,CGUCCCUGUCUUGGACUGUAGGGACCCCCGUGAUCUACUA,0.325
25,7,AAGCAGAUUCGCAGCGGGGUGGGUGUCUCCCAGACAAGAA,AGGGUGGGGUGAGGUGACCCCGUCCAACACUCGACACAGA,0.325
26,4,UGGCCCGGGGCCACCGAUUGUUAACUCAGCAGUGGGGUGG,CGUCACGUCAUACUAUGGAAUGUCUAGAGUACCCUGGUGG,0.325
27,7,ACGCAGCAGAGGAAGUAUCAUGGUCCAUGAGCGGGCACCA,AGGGUGGGGUGAGGUGACCCCGUCCAACACUCGACACAGA,0.325
27,8,ACGCAGCAGAGGAAGUAUCAUGGUCCAUGAGCGGGCACCA,CAGCUUCUUUCUGUAUGGUAUGCGUUGGGUACCCACACGA,0.325
27,14,ACGCAGCAGAGGAAGUAUCAUGGUCCAUGAGCGGGCACCA,GACGUGCCAAUGCAGGUCUGGGGGCGUUUAUGGUGUCUGG,0.325
27,16,ACGCAGCAGAGGAAGUAUCAUGGUCCAUGAGCGGGCACCA,GUCGUACUUCUGCGUGUACAGGGUUCAUGUUUCUCCCAGA,0.325
27,17,ACGCAGCAGAGGAAGUAUCAUGGUCCAUGAGCGGGCACCA,GCGCUCUUCCUGCACUGAAGGGCGUCAGCAUGGGAUGCGU,0.325
27,19,ACGCAGCAGAGGAAGUAUCAUGGUCCAUGAGCGGGCACCA,UCGUCAUUGGUCGUGGGGCGUCGGGAUUGGCUCGCCCACA,0.325
28,4,CGGGGUUGCUGCACUCGGCAUAGCUGACAUAGGGCUCUGA,CGUCACGUCAUACUAUGGAAUGUCUAGAGUACCCUGGUGG,0.325
28,5,CGGGGUUGCUGCACUCGGCAUAGCUGACAUAGGGCUCUGA,CGUCCCUGUCUUGGACUGUAGGGACCCCCGUGAUCUACUA,0.325
28,8,CGGGGUUGCUGCACUCGGCAUAGCUGACAUAGGGCUCUGA,CAGCUUCUUUCUGUAUGGUAUGCGUUGGGUACCCACACGA,0.325
29,10,UCGCGUUGUACCCUGGUACGGGCUGGUUUGGGGCUCCCCA,GGACCCGGAGACCCUGGGCAUGACUUAUUGAAGUCGUACA,0.325
29,16,UCGCGUUGUACCCUGGUACGGGCUGGUUUGGGGCUCCCCA,GUCGUACUUCUGCGUGUACAGGGUUCAUGUUUCUCCCAGA,0.325
29,17,UCGCGUUGUACCCUGGUACGGGCUGGUUUGGGGCUCCCCA,GCGCUCUUCCUGCACUGAAGGGCGUCAGCAUGGGAUGCGU,0.325
2,4,AUGUCCCCUGGACGGAGGGAUACGUAUACAUUCGC,CGUCACGUCAUACUAUGGAAUGUCUAGAGUACCCUGGUGG,0.3142857142857143
2,6,AUGUCCCCUGGACGGAGGGAUACGUAUACAUUCGC,CUGGCCCAUCCUGACCCGAGGUUGGAGUUAGAGGGACUUA,0.3142857142857143
2,8,AUGUCCCCUGGACGGAGGGAUACGUAUACAUUCGC,CAGCUUCUUUCUGUAUGGUAUGCGUUGGGUACCCACACGA,0.3142857142857143
2,13,AUGUCCCCUGGACGGAGGGAUACGUAUACAUUCGC,UGGUGCGCCACGGAUCUGUGGGGAUCUCCUUUGUCUGGAA,0.3142857142857143
2,16,AUGUCCCCUGGACGGAGGGAUACGUAUACAUUCGC,GUCGUACUUCUGCGUGUACAGGGUUCAUGUUUCUCCCAGA,0.3142857142857143
2,17,AUGUCCCCUGGACGGAGGGAUACGUAUACAUUCGC,GCGCUCUUCCUGCACUGAAGGGCGUCAGCAUGGGAUGCGU,0.3142857142857143
4,2,CGUCACGUCAUACUAUGGAAUGUCUAGAGUACCCUGGUGG,AUGUCCCCUGGACGGAGGGAUACGUAUACAUUCGC,0.3142857142857143
6,2,CUGGCCCAUCCUGACCCGAGGUUGGAGUUAGAGGGACUUA,AUGUCCCCUGGACGGAGGGAUACGUAUACAUUCGC,0.3142857142857143
7,20,AGGGUGGGGUGAGGUGACCCCGUCCAACACUCGACACAGA,UCUUGGGAUUUUGACAAACUCUUAGAAUUUUUAGG,0.3142857142857143
8,2,CAGCUUCUUUCUGUAUGGUAUGCGUUGGGUACCCACACGA,AUGUCCCCUGGACGGAGGGAUACGUAUACAUUCGC,0.3142857142857143
13,2,UGGUGCGCCACGGAUCUGUGGGGAUCUCCUUUGUCUGGAA,AUGUCCCCUGGACGGAGGGAUACGUAUACAUUCGC,0.3142857142857143
16,2,GUCGUACUUCUGCGUGUACAGGGUUCAUGUUUCUCCCAGA,AUGUCCCCUGGACGGAGGGAUACGUAUACAUUCGC,0.3142857142857143
17,2,GCGCUCUUCCUGCACUGAAGGGCGUCAGCAUGGGAUGCGU,AUGUCCCCUGGACGGAGGGAUACGUAUACAUUCGC,0.3142857142857143
18,23,GGGACUCUCGGUGGCCCGGCUGGGUAACAGACCAUCGUAG,GGACGUCAGUCGUAAAUCGACGAGUGGGUGCGCAG,0.3142857142857143
19,20,UCGUCAUUGGUCGUGGGGCGUCGGGAUUGGCUCGCCCACA,UCUUGGGAUUUUGACAAACUCUUAGAAUUUUUAGG,0.3142857142857143
20,7,UCUUGGGAUUUUGACAAACUCUUAGAAUUUUUAGG,AGGGUGGGGUGAGGUGACCCCGUCCAACACUCGACACAGA,0.3142857142857143
20,19,UCUUGGGAUUUUGACAAACUCUUAGAAUUUUUAGG,UCGUCAUUGGUCGUGGGGCGUCGGGAUUGGCUCGCCCACA,0.3142857142857143
23,18,GGACGUCAGUCGUAAAUCGACGAGUGGGUGCGCAG,GGGACUCUCGGUGGCCCGGCUGGGUAACAGACCAUCGUAG,0.3142857142857143
1,12,CUGUCACAUGCAGGGUAGGUAUCUCGGGGGUUCGUUUGAG,AUUAGUUACAGGGUUUUGGUAAUCAUGGCUGGAUAGACAG,0.3
4,12,CGUCACGUCAUACUAUGGAAUGUCUAGAGUACCCUGGUGG,AUUAGUUACAGGGUUUUGGUAAUCAUGGCUGGAUAGACAG,0.3
5,6,CGUCCCUGUCUUGGACUGUAGGGACCCCCGUGAUCUACUA,CUGGCCCAUCCUGACCCGAGGUUGGAGUUAGAGGGACUUA,0.3
5,10,CGUCCCUGUCUUGGACUGUAGGGACCCCCGUGAUCUACUA,GGACCCGGAGACCCUGGGCAUGACUUAUUGAAGUCGUACA,0.3
5,11,CGUCCCUGUCUUGGACUGUAGGGACCCCCGUGAUCUACUA,GUGUCUGUACCCCCGGUGGUACGAUCUCGGAUGGUUCCGA,0.3
6,5,CUGGCCCAUCCUGACCCGAGGUUGGAGUUAGAGGGACUUA,CGUCCCUGUCUUGGACUGUAGGGACCCCCGUGAUCUACUA,0.3
6,9,CUGGCCCAUCCUGACCCGAGGUUGGAGUUAGAGGGACUUA,CGGUCAUCAUUUGGGUAGUAAUCAGACCCAUUGAUGGGAA,0.3
6,17,CUGGCCCAUCCUGACCCGAGGUUGGAGUUAGAGGGACUUA,GCGCUCUUCCUGCACUGAAGGGCGUCAGCAUGGGAUGCGU,0.3
6,18,CUGGCCCAUCCUGACCCGAGGUUGGAGUUAGAGGGACUUA,GGGACUCUCGGUGGCCCGGCUGGGUAACAGACCAUCGUAG,0.3
6,19,CUGGCCCAUCCUGACCCGAGGUUGGAGUUAGAGGGACUUA,UCGUCAUUGGUCGUGGGGCGUCGGGAUUGGCUCGCCCACA,0.3
6,25,CUGGCCCAUCCUGACCCGAGGUUGGAGUUAGAGGGACUUA,AAGCAGAUUCGCAGCGGGGUGGGUGUCUCCCAGACAAGAA,0.3
6,29,CUGGCCCAUCCUGACCCGAGGUUGGAGUUAGAGGGACUUA,UCGCGUUGUACCCUGGUACGGGCUGGUUUGGGGCUCCCCA,0.3
7,9,AGGGUGGGGUGAGGUGACCCCGUCCAACACUCGACACAGA,CGGUCAUCAUUUGGGUAGUAAUCAGACCCAUUGAUGGGAA,0.3
8,12,CAGCUUCUUUCUGUAUGGUAUGCGUUGGGUACCCACACGA,AUUAGUUACAGGGUUUUGGUAAUCAUGGCUGGAUAGACAG,0.3
8,19,CAGCUUCUUUCUGUAUGGUAUGCGUUGGGUACCCACACGA,UCGUCAUUGGUCGUGGGGCGUCGGGAUUGGCUCGCCCACA,0.3
8,29,CAGCUUCUUUCUGUAUGGUAUGCGUUGGGUACCCACACGA,UCGCGUUGUACCCUGGUACGGGCUGGUUUGGGGCUCCCCA,0.3
9,6,CGGUCAUCAUUUGGGUAGUAAUCAGACCCAUUGAUGGGAA,CUGGCCCAUCCUGACCCGAGGUUGGAGUUAGAGGGACUUA,0.3
9,7,CGGUCAUCAUUUGGGUAGUAAUCAGACCCAUUGAUGGGAA,AGGGUGGGGUGAGGUGACCCCGUCCAACACUCGACACAGA,0.3
10,5,GGACCCGGAGACCCUGGGCAUGACUUAUUGAAGUCGUACA,CGUCCCUGUCUUGGACUGUAGGGACCCCCGUGAUCUACUA,0.3
10,21,GGACCCGGAGACCCUGGGCAUGACUUAUUGAAGUCGUACA,CUUUGGGACGUGUAAGCUCGUGAUACACCCAUGGGUAACG,0.3
10,25,GGACCCGGAGACCCUGGGCAUGACUUAUUGAAGUCGUACA,AAGCAGAUUCGCAGCGGGGUGGGUGUCUCCCAGACAAGAA,0.3
11,5,GUGUCUGUACCCCCGGUGGUACGAUCUCGGAUGGUUCCGA,CGUCCCUGUCUUGGACUGUAGGGACCCCCGUGAUCUACUA,0.3
11,14,GUGUCUGUACCCCCGGUGGUACGAUCUCGGAUGGUUCCGA,GACGUGCCAAUGCAGGUCUGGGGGCGUUUAUGGUGUCUGG,0.3
11,17,GUGUCUGUACCCCCGGUGGUACGAUCUCGGAUGGUUCCGA,GCGCUCUUCCUGCACUGAAGGGCGUCAGCAUGGGAUGCGU,0.3
11,22,GUGUCUGUACCCCCGGUGGUACGAUCUCGGAUGGUUCCGA,GGCAUUACACAGCCAUCAGGCAGUGCAGUCUGGGUCUUCG,0.3
11,26,GUGUCUGUACCCCCGGUGGUACGAUCUCGGAUGGUUCCGA,UGGCCCGGGGCCACCGAUUGUUAACUCAGCAGUGGGGUGG,0.3
12,1,AUUAGUUACAGGGUUUUGGUAAUCAUGGCUGGAUAGACAG,CUGUCACAUGCAGGGUAGGUAUCUCGGGGGUUCGUUUGAG,0.3
12,4,AUUAGUUACAGGGUUUUGGUAAUCAUGGCUGGAUAGACAG,CGUCACGUCAUACUAUGGAAUGUCUAGAGUACCCUGGUGG,0.3
12,8,AUUAGUUACAGGGUUUUGGUAAUCAUGGCUGGAUAGACAG,CAGCUUCUUUCUGUAUGGUAUGCGUUGGGUACCCACACGA,0.3
12,13,AUUAGUUACAGGGUUUUGGUAAUCAUGGCUGGAUAGACAG,UGGUGCGCCACGGAUCUGUGGGGAUCUCCUUUGUCUGGAA,0.3
13,12,UGGUGCGCCACGGAUCUGUGGGGAUCUCCUUUGUCUGGAA,AUUAGUUACAGGGUUUUGGUAAUCAUGGCUGGAUAGACAG,0.3
13,18,UGGUGCGCCACGGAUCUGUGGGGAUCUCCUUUGUCUGGAA,GGGACUCUCGGUGGCCCGGCUGGGUAACAGACCAUCGUAG,0.3
13,29,UGGUGCGCCACGGAUCUGUGGGGAUCUCCUUUGUCUGGAA,UCGCGUUGUACCCUGGUACGGGCUGGUUUGGGGCUCCCCA,0.3
14,11,GACGUGCCAAUGCAGGUCUGGGGGCGUUUAUGGUGUCUGG,GUGUCUGUACCCCCGGUGGUACGAUCUCGGAUGGUUCCGA,0.3
14,15,GACGUGCCAAUGCAGGUCUGGGGGCGUUUAUGGUGUCUGG,GAGAACCUGACCCCAGCGGGCAUAGGAUGAUGUCUGGGUA,0.3
15,14,GAGAACCUGACCCCAGCGGGCAUAGGAUGAUGUCUGGGUA,GACGUGCCAAUGCAGGUCUGGGGGCGUUUAUGGUGUCUGG,0.3
15,25,GAGAACCUGACCCCAGCGGGCAUAGGAUGAUGUCUGGGUA,AAGCAGAUUCGCAGCGGGGUGGGUGUCUCCCAGACAAGAA,0.3
16,25,GUCGUACUUCUGCGUGUACAGGGUUCAUGUUUCUCCCAGA,AAGCAGAUUCGCAGCGGGGUGGGUGUCUCCCAGACAAGAA,0.3
16,28,GUCGUACUUCUGCGUGUACAGGGUUCAUGUUUCUCCCAGA,CGGGGUUGCUGCACUCGGCAUAGCUGACAUAGGGCUCUGA,0.3
17,6,GCGCUCUUCCUGCACUGAAGGGCGUCAGCAUGGGAUGCGU,CUGGCCCAUCCUGACCCGAGGUUGGAGUUAGAGGGACUUA,0.3
17,11,GCGCUCUUCCUGCACUGAAGGGCGUCAGCAUGGGAUGCGU,GUGUCUGUACCCCCGGUGGUACGAUCUCGGAUGGUUCCGA,0.3
17,21,GCGCUCUUCCUGCACUGAAGGGCGUCAGCAUGGGAUGCGU,CUUUGGGACGUGUAAGCUCGUGAUACACCCAUGGGUAACG,0.3
18,6,GGGACUCUCGGUGGCCCGGCUGGGUAACAGACCAUCGUAG,CUGGCCCAUCCUGACCCGAGGUUGGAGUUAGAGGGACUUA,0.3
18,13,GGGACUCUCGGUGGCCCGGCUGGGUAACAGACCAUCGUAG,UGGUGCGCCACGGAUCUGUGGGGAUCUCCUUUGUCUGGAA,0.3
18,22,GGGACUCUCGGUGGCCCGGCUGGGUAACAGACCAUCGUAG,GGCAUUACACAGCCAUCAGGCAGUGCAGUCUGGGUCUUCG,0.3
19,6,UCGUCAUUGGUCGUGGGGCGUCGGGAUUGGCUCGCCCACA,CUGGCCCAUCCUGACCCGAGGUUGGAGUUAGAGGGACUUA,0.3
19,8,UCGUCAUUGGUCGUGGGGCGUCGGGAUUGGCUCGCCCACA,CAGCUUCUUUCUGUAUGGUAUGCGUUGGGUACCCACACGA,0.3
19,25,UCGUCAUUGGUCGUGGGGCGUCGGGAUUGGCUCGCCCACA,AAGCAGAUUCGCAGCGGGGUGGGUGUCUCCCAGACAAGAA,0.3
19,28,UCGUCAUUGGUCGUGGGGCGUCGGGAUUGGCUCGCCCACA,CGGGGUUGCUGCACUCGGCAUAGCUGACAUAGGGCUCUGA,0.3
21,10,CUUUGGGACGUGUAAGCUCGUGAUACACCCAUGGGUAACG,GGACCCGGAGACCCUGGGCAUGACUUAUUGAAGUCGUACA,0.3
21,17,CUUUGGGACGUGUAAGCUCGUGAUACACCCAUGGGUAACG,GCGCUCUUCCUGCACUGAAGGGCGUCAGCAUGGGAUGCGU,0.3
21,22,CUUUGGGACGUGUAAGCUCGUGAUACACCCAUGGGUAACG,GGCAUUACACAGCCAUCAGGCAGUGCAGUCUGGGUCUUCG,0.3
21,26,CUUUGGGACGUGUAAGCUCGUGAUACACCCAUGGGUAACG,UGGCCCGGGGCCACCGAUUGUUAACUCAGCAGUGGGGUGG,0.3
22,11,GGCAUUACACAGCCAUCAGGCAGUGCAGUCUGGGUCUUCG,GUGUCUGUACCCCCGGUGGUACGAUCUCGGAUGGUUCCGA,0.3
22,18,GGCAUUACACAGCCAUCAGGCAGUGCAGUCUGGGUCUUCG,GGGACUCUCGGUGGCCCGGCUGGGUAACAGACCAUCGUAG,0.3
22,21,GGCAUUACACAGCCAUCAGGCAGUGCAGUCUGGGUCUUCG,CUUUGGGACGUGUAAGCUCGUGAUACACCCAUGGGUAACG,0.3
22,29,GGCAUUACACAGCCAUCAGGCAGUGCAGUCUGGGUCUUCG,UCGCGUUGUACCCUGGUACGGGCUGGUUUGGGGCUCCCCA,0.3
24,25,AUUCUGUUUUGGGCCCGACUAGGAUUAGGUACCCAUGUCG,AAGCAGAUUCGCAGCGGGGUGGGUGUCUCCCAGACAAGAA,0.3
24,27,AUUCUGUUUUGGGCCCGACUAGGAUUAGGUACCCAUGUCG,ACGCAGCAGAGGAAGUAUCAUGGUCCAUGAGCGGGCACCA,0.3
25,6,AAGCAGAUUCGCAGCGGGGUGGGUGUCUCCCAGACAAGAA,CUGGCCCAUCCUGACCCGAGGUUGGAGUUAGAGGGACUUA,0.3
25,10,AAGCAGAUUCGCAGCGGGGUGGGUGUCUCCCAGACAAGAA,GGACCCGGAGACCCUGGGCAUGACUUAUUGAAGUCGUACA,0.3
25,15,AAGCAGAUUCGCAGCGGGGUGGGUGUCUCCCAGACAAGAA,GAGAACCUGACCCCAGCGGGCAUAGGAUGAUGUCUGGGUA,0.3
25,16,AAGCAGAUUCGCAGCGGGGUGGGUGUCUCCCAGACAAGAA,GUCGUACUUCUGCGUGUACAGGGUUCAUGUUUCUCCCAGA,0.3
25,19,AAGCAGAUUCGCAGCGGGGUGGGUGUCUCCCAGACAAGAA,UCGUCAUUGGUCGUGGGGCGUCGGGAUUGGCUCGCCCACA,0.3
25,24,AAGCAGAUUCGCAGCGGGGUGGGUGUCUCCCAGACAAGAA,AUUCUGUUUUGGGCCCGACUAGGAUUAGGUACCCAUGUCG,0.3
25,29,AAGCAGAUUCGCAGCGGGGUGGGUGUCUCCCAGACAAGAA,UCGCGUUGUACCCUGGUACGGGCUGGUUUGGGGCUCCCCA,0.3
26,11,UGGCCCGGGGCCACCGAUUGUUAACUCAGCAGUGGGGUGG,GUGUCUGUACCCCCGGUGGUACGAUCUCGGAUGGUUCCGA,0.3
26,21,UGGCCCGGGGCCACCGAUUGUUAACUCAGCAGUGGGGUGG,CUUUGGGACGUGUAAGCUCGUGAUACACCCAUGGGUAACG,0.3
26,28,UGGCCCGGGGCCACCGAUUGUUAACUCAGCAGUGGGGUGG,CGGGGUUGCUGCACUCGGCAUAGCUGACAUAGGGCUCUGA,0.3
27,24,ACGCAGCAGAGGAAGUAUCAUGGUCCAUGAGCGGGCACCA,AUUCUGUUUUGGGCCCGACUAGGAUUAGGUACCCAUGUCG,0.3
28,16,CGGGGUUGCUGCACUCGGCAUAGCUGACAUAGGGCUCUGA,GUCGUACUUCUGCGUGUACAGGGUUCAUGUUUCUCCCAGA,0.3
28,19,CGGGGUUGCUGCACUCGGCAUAGCUGACAUAGGGCUCUGA,UCGUCAUUGGUCGUGGGGCGUCGGGAUUGGCUCGCCCACA,0.3
28,26,CGGGGUUGCUGCACUCGGCAUAGCUGACAUAGGGCUCUGA,UGGCCCGGGGCCACCGAUUGUUAACUCAGCAGUGGGGUGG,0.3
28,29,CGGGGUUGCUGCACUCGGCAUAGCUGACAUAGGGCUCUGA,UCGCGUUGUACCCUGGUACGGGCUGGUUUGGGGCUCCCCA,0.3
29,6,UCGCGUUGUACCCUGGUACGGGCUGGUUUGGGGCUCCCCA,CUGGCCCAUCCUGACCCGAGGUUGGAGUUAGAGGGACUUA,0.3
29,8,UCGCGUUGUACCCUGGUACGGGCUGGUUUGGGGCUCCCCA,CAGCUUCUUUCUGUAUGGUAUGCGUUGGGUACCCACACGA,0.3
29,13,UCGCGUUGUACCCUGGUACGGGCUGGUUUGGGGCUCCCCA,UGGUGCGCCACGGAUCUGUGGGGAUCUCCUUUGUCUGGAA,0.3
29,22,UCGCGUUGUACCCUGGUACGGGCUGGUUUGGGGCUCCCCA,GGCAUUACACAGCCAUCAGGCAGUGCAGUCUGGGUCUUCG,0.3
29,25,UCGCGUUGUACCCUGGUACGGGCUGGUUUGGGGCUCCCCA,AAGCAGAUUCGCAGCGGGGUGGGUGUCUCCCAGACAAGAA,0.3
29,28,UCGCGUUGUACCCUGGUACGGGCUGGUUUGGGGCUCCCCA,CGGGGUUGCUGCACUCGGCAUAGCUGACAUAGGGCUCUGA,0.3
1,20,CUGUCACAUGCAGGGUAGGUAUCUCGGGGGUUCGUUUGAG,UCUUGGGAUUUUGACAAACUCUUAGAAUUUUUAGG,0.2857142857142857
2,10,AUGUCCCCUGGACGGAGGGAUACGUAUACAUUCGC,GGACCCGGAGACCCUGGGCAUGACUUAUUGAAGUCGUACA,0.2857142857142857
2,25,AUGUCCCCUGGACGGAGGGAUACGUAUACAUUCGC,AAGCAGAUUCGCAGCGGGGUGGGUGUCUCCCAGACAAGAA,0.2857142857142857
2,28,AUGUCCCCUGGACGGAGGGAUACGUAUACAUUCGC,CGGGGUUGCUGCACUCGGCAUAGCUGACAUAGGGCUCUGA,0.2857142857142857
3,6,GCGGAGGAAUAUUAUGCUGGGUAGACUGGCCCACU,CUGGCCCAUCCUGACCCGAGGUUGGAGUUAGAGGGACUUA,0.2857142857142857
3,11,GCGGAGGAAUAUUAUGCUGGGUAGACUGGCCCACU,GUGUCUGUACCCCCGGUGGUACGAUCUCGGAUGGUUCCGA,0.2857142857142857
3,14,GCGGAGGAAUAUUAUGCUGGGUAGACUGGCCCACU,GACGUGCCAAUGCAGGUCUGGGGGCGUUUAUGGUGUCUGG,0.2857142857142857
3,15,GCGGAGGAAUAUUAUGCUGGGUAGACUGGCCCACU,GAGAACCUGACCCCAGCGGGCAUAGGAUGAUGUCUGGGUA,0.2857142857142857
3,22,GCGGAGGAAUAUUAUGCUGGGUAGACUGGCCCACU,GGCAUUACACAGCCAUCAGGCAGUGCAGUCUGGGUCUUCG,0.2857142857142857
3,23,GCGGAGGAAUAUUAUGCUGGGUAGACUGGCCCACU,GGACGUCAGUCGUAAAUCGACGAGUGGGUGCGCAG,0.2857142857142857
3,27,GCGGAGGAAUAUUAUGCUGGGUAGACUGGCCCACU,ACGCAGCAGAGGAAGUAUCAUGGUCCAUGAGCGGGCACCA,0.2857142857142857
6,3,CUGGCCCAUCCUGACCCGAGGUUGGAGUUAGAGGGACUUA,GCGGAGGAAUAUUAUGCUGGGUAGACUGGCCCACU,0.2857142857142857
10,2,GGACCCGGAGACCCUGGGCAUGACUUAUUGAAGUCGUACA,AUGUCCCCUGGACGGAGGGAUACGUAUACAUUCGC,0.2857142857142857
10,23,GGACCCGGAGACCCUGGGCAUGACUUAUUGAAGUCGUACA,GGACGUCAGUCGUAAAUCGACGAGUGGGUGCGCAG,0.2857142857142857
11,3,GUGUCUGUACCCCCGGUGGUACGAUCUCGGAUGGUUCCGA,GCGGAGGAAUAUUAUGCUGGGUAGACUGGCCCACU,0.2857142857142857
13,20,UGGUGCGCCACGGAUCUGUGGGGAUCUCCUUUGUCUGGAA,UCUUGGGAUUUUGACAAACUCUUAGAAUUUUUAGG,0.2857142857142857
14,3,GACGUGCCAAUGCAGGUCUGGGGGCGUUUAUGGUGUCUGG,GCGGAGGAAUAUUAUGCUGGGUAGACUGGCCCACU,0.2857142857142857
15,3,GAGAACCUGACCCCAGCGGGCAUAGGAUGAUGUCUGGGUA,GCGGAGGAAUAUUAUGCUGGGUAGACUGGCCCACU,0.2857142857142857
20,1,UCUUGGGAUUUUGACAAACUCUUAGAAUUUUUAGG,CUGUCACAUGCAGGGUAGGUAUCUCGGGGGUUCGUUUGAG,0.2857142857142857
20,13,UCUUGGGAUUUUGACAAACUCUUAGAAUUUUUAGG,UGGUGCGCCACGGAUCUGUGGGGAUCUCCUUUGUCUGGAA,0.2857142857142857
20,27,UCUUGGGAUUUUGACAAACUCUUAGAAUUUUUAGG,ACGCAGCAGAGGAAGUAUCAUGGUCCAUGAGCGGGCACCA,0.2857142857142857
22,3,GGCAUUACACAGCCAUCAGGCAGUGCAGUCUGGGUCUUCG,GCGGAGGAAUAUUAUGCUGGGUAGACUGGCCCACU,0.2857142857142857
22,23,GGCAUUACACAGCCAUCAGGCAGUGCAGUCUGGGUCUUCG,GGACGUCAGUCGUAAAUCGACGAGUGGGUGCGCAG,0.2857142857142857
23,3,GGACGUCAGUCGUAAAUCGACGAGUGGGUGCGCAG,GCGGAGGAAUAUUAUGCUGGGUAGACUGGCCCACU,0.2857142857142857
23,10,GGACGUCAGUCGUAAAUCGACGAGUGGGUGCGCAG,GGACCCGGAGACCCUGGGCAUGACUUAUUGAAGUCGUACA,0.2857142857142857
23,22,GGACGUCAGUCGUAAAUCGACGAGUGGGUGCGCAG,GGCAUUACACAGCCAUCAGGCAGUGCAGUCUGGGUCUUCG,0.2857142857142857
23,29,GGACGUCAGUCGUAAAUCGACGAGUGGGUGCGCAG,UCGCGUUGUACCCUGGUACGGGCUGGUUUGGGGCUCCCCA,0.2857142857142857
25,2,AAGCAGAUUCGCAGCGGGGUGGGUGUCUCCCAGACAAGAA,AUGUCCCCUGGACGGAGGGAUACGUAUACAUUCGC,0.2857142857142857
27,3,ACGCAGCAGAGGAAGUAUCAUGGUCCAUGAGCGGGCACCA,GCGGAGGAAUAUUAUGCUGGGUAGACUGGCCCACU,0.2857142857142857
27,20,ACGCAGCAGAGGAAGUAUCAUGGUCCAUGAGCGGGCACCA,UCUUGGGAUUUUGACAAACUCUUAGAAUUUUUAGG,0.2857142857142857
28,2,CGGGGUUGCUGCACUCGGCAUAGCUGACAUAGGGCUCUGA,AUGUCCCCUGGACGGAGGGAUACGUAUACAUUCGC,0.2857142857142857
29,23,UCGCGUUGUACCCUGGUACGGGCUGGUUUGGGGCUCCCCA,GGACGUCAGUCGUAAAUCGACGAGUGGGUGCGCAG,0.2857142857142857
5,12,CGUCCCUGUCUUGGACUGUAGGGACCCCCGUGAUCUACUA,AUUAGUUACAGGGUUUUGGUAAUCAUGGCUGGAUAGACAG,0.275
5,14,CGUCCCUGUCUUGGACUGUAGGGACCCCCGUGAUCUACUA,GACGUGCCAAUGCAGGUCUGGGGGCGUUUAUGGUGUCUGG,0.275
5,18,CGUCCCUGUCUUGGACUGUAGGGACCCCCGUGAUCUACUA,GGGACUCUCGGUGGCCCGGCUGGGUAACAGACCAUCGUAG,0.275
5,29,CGUCCCUGUCUUGGACUGUAGGGACCCCCGUGAUCUACUA,UCGCGUUGUACCCUGGUACGGGCUGGUUUGGGGCUCCCCA,0.275
6,8,CUGGCCCAUCCUGACCCGAGGUUGGAGUUAGAGGGACUUA,CAGCUUCUUUCUGUAUGGUAUGCGUUGGGUACCCACACGA,0.275
6,13,CUGGCCCAUCCUGACCCGAGGUUGGAGUUAGAGGGACUUA,UGGUGCGCCACGGAUCUGUGGGGAUCUCCUUUGUCUGGAA,0.275
6,27,CUGGCCCAUCCUGACCCGAGGUUGGAGUUAGAGGGACUUA,ACGCAGCAGAGGAAGUAUCAUGGUCCAUGAGCGGGCACCA,0.275
7,13,AGGGUGGGGUGAGGUGACCCCGUCCAACACUCGACACAGA,UGGUGCGCCACGGAUCUGUGGGGAUCUCCUUUGUCUGGAA,0.275
7,14,AGGGUGGGGUGAGGUGACCCCGUCCAACACUCGACACAGA,GACGUGCCAAUGCAGGUCUGGGGGCGUUUAUGGUGUCUGG,0.275
8,6,CAGCUUCUUUCUGUAUGGUAUGCGUUGGGUACCCACACGA,CUGGCCCAUCCUGACCCGAGGUUGGAGUUAGAGGGACUUA,0.275
8,9,CAGCUUCUUUCUGUAUGGUAUGCGUUGGGUACCCACACGA,CGGUCAUCAUUUGGGUAGUAAUCAGACCCAUUGAUGGGAA,0.275
8,11,CAGCUUCUUUCUGUAUGGUAUGCGUUGGGUACCCACACGA,GUGUCUGUACCCCCGGUGGUACGAUCUCGGAUGGUUCCGA,0.275
8,25,CAGCUUCUUUCUGUAUGGUAUGCGUUGGGUACCCACACGA,AAGCAGAUUCGCAGCGGGGUGGGUGUCUCCCAGACAAGAA,0.275
9,8,CGGUCAUCAUUUGGGUAGUAAUCAGACCCAUUGAUGGGAA,CAGCUUCUUUCUGUAUGGUAUGCGUUGGGUACCCACACGA,0.275
9,15,CGGUCAUCAUUUGGGUAGUAAUCAGACCCAUUGAUGGGAA,GAGAACCUGACCCCAGCGGGCAUAGGAUGAUGUCUGGGUA,0.275
9,25,CGGUCAUCAUUUGGGUAGUAAUCAGACCCAUUGAUGGGAA,AAGCAGAUUCGCAGCGGGGUGGGUGUCUCCCAGACAAGAA,0.275
10,13,GGACCCGGAGACCCUGGGCAUGACUUAUUGAAGUCGUACA,UGGUGCGCCACGGAUCUGUGGGGAUCUCCUUUGUCUGGAA,0.275
10,15,GGACCCGGAGACCCUGGGCAUGACUUAUUGAAGUCGUACA,GAGAACCUGACCCCAGCGGGCAUAGGAUGAUGUCUGGGUA,0.275
10,18,GGACCCGGAGACCCUGGGCAUGACUUAUUGAAGUCGUACA,GGGACUCUCGGUGGCCCGGCUGGGUAACAGACCAUCGUAG,0.275
10,22,GGACCCGGAGACCCUGGGCAUGACUUAUUGAAGUCGUACA,GGCAUUACACAGCCAUCAGGCAGUGCAGUCUGGGUCUUCG,0.275
11,8,GUGUCUGUACCCCCGGUGGUACGAUCUCGGAUGGUUCCGA,CAGCUUCUUUCUGUAUGGUAUGCGUUGGGUACCCACACGA,0.275
11,21,GUGUCUGUACCCCCGGUGGUACGAUCUCGGAUGGUUCCGA,CUUUGGGACGUGUAAGCUCGUGAUACACCCAUGGGUAACG,0.275
11,24,GUGUCUGUACCCCCGGUGGUACGAUCUCGGAUGGUUCCGA,AUUCUGUUUUGGGCCCGACUAGGAUUAGGUACCCAUGUCG,0.275
11,25,GUGUCUGUACCCCCGGUGGUACGAUCUCGGAUGGUUCCGA,AAGCAGAUUCGCAGCGGGGUGGGUGUCUCCCAGACAAGAA,0.275
12,5,AUUAGUUACAGGGUUUUGGUAAUCAUGGCUGGAUAGACAG,CGUCCCUGUCUUGGACUGUAGGGACCCCCGUGAUCUACUA,0.275
12,28,AUUAGUUACAGGGUUUUGGUAAUCAUGGCUGGAUAGACAG,CGGGGUUGCUGCACUCGGCAUAGCUGACAUAGGGCUCUGA,0.275
13,6,UGGUGCGCCACGGAUCUGUGGGGAUCUCCUUUGUCUGGAA,CUGGCCCAUCCUGACCCGAGGUUGGAGUUAGAGGGACUUA,0.275
13,7,UGGUGCGCCACGGAUCUGUGGGGAUCUCCUUUGUCUGGAA,AGGGUGGGGUGAGGUGACCCCGUCCAACACUCGACACAGA,0.275
13,10,UGGUGCGCCACGGAUCUGUGGGGAUCUCCUUUGUCUGGAA,GGACCCGGAGACCCUGGGCAUGACUUAUUGAAGUCGUACA,0.275
13,15,UGGUGCGCCACGGAUCUGUGGGGAUCUCCUUUGUCUGGAA,GAGAACCUGACCCCAGCGGGCAUAGGAUGAUGUCUGGGUA,0.275
13,19,UGGUGCGCCACGGAUCUGUGGGGAUCUCCUUUGUCUGGAA,UCGUCAUUGGUCGUGGGGCGUCGGGAUUGGCUCGCCCACA,0.275
13,25,UGGUGCGCCACGGAUCUGUGGGGAUCUCCUUUGUCUGGAA,AAGCAGAUUCGCAGCGGGGUGGGUGUCUCCCAGACAAGAA,0.275
14,5,GACGUGCCAAUGCAGGUCUGGGGGCGUUUAUGGUGUCUGG,CGUCCCUGUCUUGGACUGUAGGGACCCCCGUGAUCUACUA,0.275
14,7,GACGUGCCAAUGCAGGUCUGGGGGCGUUUAUGGUGUCUGG,AGGGUGGGGUGAGGUGACCCCGUCCAACACUCGACACAGA,0.275
14,21,GACGUGCCAAUGCAGGUCUGGGGGCGUUUAUGGUGUCUGG,CUUUGGGACGUGUAAGCUCGUGAUACACCCAUGGGUAACG,0.275
15,9,GAGAACCUGACCCCAGCGGGCAUAGGAUGAUGUCUGGGUA,CGGUCAUCAUUUGGGUAGUAAUCAGACCCAUUGAUGGGAA,0.275
15,10,GAGAACCUGACCCCAGCGGGCAUAGGAUGAUGUCUGGGUA,GGACCCGGAGACCCUGGGCAUGACUUAUUGAAGUCGUACA,0.275
15,13,GAGAACCUGACCCCAGCGGGCAUAGGAUGAUGUCUGGGUA,UGGUGCGCCACGGAUCUGUGGGGAUCUCCUUUGUCUGGAA,0.275
15,17,GAGAACCUGACCCCAGCGGGCAUAGGAUGAUGUCUGGGUA,GCGCUCUUCCUGCACUGAAGGGCGUCAGCAUGGGAUGCGU,0.275
15,18,GAGAACCUGACCCCAGCGGGCAUAGGAUGAUGUCUGGGUA,GGGACUCUCGGUGGCCCGGCUGGGUAACAGACCAUCGUAG,0.275
15,19,GAGAACCUGACCCCAGCGGGCAUAGGAUGAUGUCUGGGUA,UCGUCAUUGGUCGUGGGGCGUCGGGAUUGGCUCGCCCACA,0.275
16,21,GUCGUACUUCUGCGUGUACAGGGUUCAUGUUUCUCCCAGA,CUUUGGGACGUGUAAGCUCGUGAUACACCCAUGGGUAACG,0.275
17,15,GCGCUCUUCCUGCACUGAAGGGCGUCAGCAUGGGAUGCGU,GAGAACCUGACCCCAGCGGGCAUAGGAUGAUGUCUGGGUA,0.275
17,28,GCGCUCUUCCUGCACUGAAGGGCGUCAGCAUGGGAUGCGU,CGGGGUUGCUGCACUCGGCAUAGCUGACAUAGGGCUCUGA,0.275
18,5,GGGACUCUCGGUGGCCCGGCUGGGUAACAGACCAUCGUAG,CGUCCCUGUCUUGGACUGUAGGGACCCCCGUGAUCUACUA,0.275
18,10,GGGACUCUCGGUGGCCCGGCUGGGUAACAGACCAUCGUAG,GGACCCGGAGACCCUGGGCAUGACUUAUUGAAGUCGUACA,0.275
18,15,GGGACUCUCGGUGGCCCGGCUGGGUAACAGACCAUCGUAG,GAGAACCUGACCCCAGCGGGCAUAGGAUGAUGUCUGGGUA,0.275
18,25,GGGACUCUCGGUGGCCCGGCUGGGUAACAGACCAUCGUAG,AAGCAGAUUCGCAGCGGGGUGGGUGUCUCCCAGACAAGAA,0.275
19,13,UCGUCAUUGGUCGUGGGGCGUCGGGAUUGGCUCGCCCACA,UGGUGCGCCACGGAUCUGUGGGGAUCUCCUUUGUCUGGAA,0.275
19,15,UCGUCAUUGGUCGUGGGGCGUCGGGAUUGGCUCGCCCACA,GAGAACCUGACCCCAGCGGGCAUAGGAUGAUGUCUGGGUA,0.275
19,21,UCGUCAUUGGUCGUGGGGCGUCGGGAUUGGCUCGCCCACA,CUUUGGGACGUGUAAGCUCGUGAUACACCCAUGGGUAACG,0.275
19,26,UCGUCAUUGGUCGUGGGGCGUCGGGAUUGGCUCGCCCACA,UGGCCCGGGGCCACCGAUUGUUAACUCAGCAGUGGGGUGG,0.275
21,11,CUUUGGGACGUGUAAGCUCGUGAUACACCCAUGGGUAACG,GUGUCUGUACCCCCGGUGGUACGAUCUCGGAUGGUUCCGA,0.275
21,14,CUUUGGGACGUGUAAGCUCGUGAUACACCCAUGGGUAACG,GACGUGCCAAUGCAGGUCUGGGGGCGUUUAUGGUGUCUGG,0.275
21,16,CUUUGGGACGUGUAAGCUCGUGAUACACCCAUGGGUAACG,GUCGUACUUCUGCGUGUACAGGGUUCAUGUUUCUCCCAGA,0.275
21,19,CUUUGGGACGUGUAAGCUCGUGAUACACCCAUGGGUAACG,UCGUCAUUGGUCGUGGGGCGUCGGGAUUGGCUCGCCCACA,0.275
21,24,CUUUGGGACGUGUAAGCUCGUGAUACACCCAUGGGUAACG,AUUCUGUUUUGGGCCCGACUAGGAUUAGGUACCCAUGUCG,0.275
21,28,CUUUGGGACGUGUAAGCUCGUGAUACACCCAUGGGUAACG,CGGGGUUGCUGCACUCGGCAUAGCUGACAUAGGGCUCUGA,0.275
22,10,GGCAUUACACAGCCAUCAGGCAGUGCAGUCUGGGUCUUCG,GGACCCGGAGACCCUGGGCAUGACUUAUUGAAGUCGUACA,0.275
24,11,AUUCUGUUUUGGGCCCGACUAGGAUUAGGUACCCAUGUCG,GUGUCUGUACCCCCGGUGGUACGAUCUCGGAUGGUUCCGA,0.275
24,21,AUUCUGUUUUGGGCCCGACUAGGAUUAGGUACCCAUGUCG,CUUUGGGACGUGUAAGCUCGUGAUACACCCAUGGGUAACG,0.275
25,8,AAGCAGAUUCGCAGCGGGGUGGGUGUCUCCCAGACAAGAA,CAGCUUCUUUCUGUAUGGUAUGCGUUGGGUACCCACACGA,0.275
25,9,AAGCAGAUUCGCAGCGGGGUGGGUGUCUCCCAGACAAGAA,CGGUCAUCAUUUGGGUAGUAAUCAGACCCAUUGAUGGGAA,0.275
25,11,AAGCAGAUUCGCAGCGGGGUGGGUGUCUCCCAGACAAGAA,GUGUCUGUACCCCCGGUGGUACGAUCUCGGAUGGUUCCGA,0.275
25,13,AAGCAGAUUCGCAGCGGGGUGGGUGUCUCCCAGACAAGAA,UGGUGCGCCACGGAUCUGUGGGGAUCUCCUUUGUCUGGAA,0.275
25,18,AAGCAGAUUCGCAGCGGGGUGGGUGUCUCCCAGACAAGAA,GGGACUCUCGGUGGCCCGGCUGGGUAACAGACCAUCGUAG,0.275
26,19,UGGCCCGGGGCCACCGAUUGUUAACUCAGCAGUGGGGUGG,UCGUCAUUGGUCGUGGGGCGUCGGGAUUGGCUCGCCCACA,0.275
26,27,UGGCCCGGGGCCACCGAUUGUUAACUCAGCAGUGGGGUGG,ACGCAGCAGAGGAAGUAUCAUGGUCCAUGAGCGGGCACCA,0.275
27,6,ACGCAGCAGAGGAAGUAUCAUGGUCCAUGAGCGGGCACCA,CUGGCCCAUCCUGACCCGAGGUUGGAGUUAGAGGGACUUA,0.275
27,26,ACGCAGCAGAGGAAGUAUCAUGGUCCAUGAGCGGGCACCA,UGGCCCGGGGCCACCGAUUGUUAACUCAGCAGUGGGGUGG,0.275
27,28,ACGCAGCAGAGGAAGUAUCAUGGUCCAUGAGCGGGCACCA,CGGGGUUGCUGCACUCGGCAUAGCUGACAUAGGGCUCUGA,0.275
28,12,CGGGGUUGCUGCACUCGGCAUAGCUGACAUAGGGCUCUGA,AUUAGUUACAGGGUUUUGGUAAUCAUGGCUGGAUAGACAG,0.275
28,17,CGGGGUUGCUGCACUCGGCAUAGCUGACAUAGGGCUCUGA,GCGCUCUUCCUGCACUGAAGGGCGUCAGCAUGGGAUGCGU,0.275
28,21,CGGGGUUGCUGCACUCGGCAUAGCUGACAUAGGGCUCUGA,CUUUGGGACGUGUAAGCUCGUGAUACACCCAUGGGUAACG,0.275
28,27,CGGGGUUGCUGCACUCGGCAUAGCUGACAUAGGGCUCUGA,ACGCAGCAGAGGAAGUAUCAUGGUCCAUGAGCGGGCACCA,0.275
29,5,UCGCGUUGUACCCUGGUACGGGCUGGUUUGGGGCUCCCCA,CGUCCCUGUCUUGGACUGUAGGGACCCCCGUGAUCUACUA,0.275
1,23,CUGUCACAUGCAGGGUAGGUAUCUCGGGGGUUCGUUUGAG,GGACGUCAGUCGUAAAUCGACGAGUGGGUGCGCAG,0.2571428571428571
2,5,AUGUCCCCUGGACGGAGGGAUACGUAUACAUUCGC,CGUCCCUGUCUUGGACUGUAGGGACCCCCGUGAUCUACUA,0.2571428571428571
2,15,AUGUCCCCUGGACGGAGGGAUACGUAUACAUUCGC,GAGAACCUGACCCCAGCGGGCAUAGGAUGAUGUCUGGGUA,0.2571428571428571
2,27,AUGUCCCCUGGACGGAGGGAUACGUAUACAUUCGC,ACGCAGCAGAGGAAGUAUCAUGGUCCAUGAGCGGGCACCA,0.2571428571428571
3,7,GCGGAGGAAUAUUAUGCUGGGUAGACUGGCCCACU,AGGGUGGGGUGAGGUGACCCCGUCCAACACUCGACACAGA,0.2571428571428571
3,17,GCGGAGGAAUAUUAUGCUGGGUAGACUGGCCCACU,GCGCUCUUCCUGCACUGAAGGGCGUCAGCAUGGGAUGCGU,0.2571428571428571
3,20,GCGGAGGAAUAUUAUGCUGGGUAGACUGGCCCACU,UCUUGGGAUUUUGACAAACUCUUAGAAUUUUUAGG,0.2571428571428571
3,26,GCGGAGGAAUAUUAUGCUGGGUAGACUGGCCCACU,UGGCCCGGGGCCACCGAUUGUUAACUCAGCAGUGGGGUGG,0.2571428571428571
5,2,CGUCCCUGUCUUGGACUGUAGGGACCCCCGUGAUCUACUA,AUGUCCCCUGGACGGAGGGAUACGUAUACAUUCGC,0.2571428571428571
7,3,AGGGUGGGGUGAGGUGACCCCGUCCAACACUCGACACAGA,GCGGAGGAAUAUUAUGCUGGGUAGACUGGCCCACU,0.2571428571428571
12,23,AUUAGUUACAGGGUUUUGGUAAUCAUGGCUGGAUAGACAG,GGACGUCAGUCGUAAAUCGACGAGUGGGUGCGCAG,0.2571428571428571
15,2,GAGAACCUGACCCCAGCGGGCAUAGGAUGAUGUCUGGGUA,AUGUCCCCUGGACGGAGGGAUACGUAUACAUUCGC,0.2571428571428571
15,23,GAGAACCUGACCCCAGCGGGCAUAGGAUGAUGUCUGGGUA,GGACGUCAGUCGUAAAUCGACGAGUGGGUGCGCAG,0.2571428571428571
16,20,GUCGUACUUCUGCGUGUACAGGGUUCAUGUUUCUCCCAGA,UCUUGGGAUUUUGACAAACUCUUAGAAUUUUUAGG,0.2571428571428571
17,3,GCGCUCUUCCUGCACUGAAGGGCGUCAGCAUGGGAUGCGU,GCGGAGGAAUAUUAUGCUGGGUAGACUGGCCCACU,0.2571428571428571
17,23,GCGCUCUUCCUGCACUGAAGGGCGUCAGCAUGGGAUGCGU,GGACGUCAGUCGUAAAUCGACGAGUGGGUGCGCAG,0.2571428571428571
20,3,UCUUGGGAUUUUGACAAACUCUUAGAAUUUUUAGG,GCGGAGGAAUAUUAUGCUGGGUAGACUGGCCCACU,0.2571428571428571
20,16,UCUUGGGAUUUUGACAAACUCUUAGAAUUUUUAGG,GUCGUACUUCUGCGUGUACAGGGUUCAUGUUUCUCCCAGA,0.2571428571428571
20,29,UCUUGGGAUUUUGACAAACUCUUAGAAUUUUUAGG,UCGCGUUGUACCCUGGUACGGGCUGGUUUGGGGCUCCCCA,0.2571428571428571
21,23,CUUUGGGACGUGUAAGCUCGUGAUACACCCAUGGGUAACG,GGACGUCAGUCGUAAAUCGACGAGUGGGUGCGCAG,0.2571428571428571
23,1,GGACGUCAGUCGUAAAUCGACGAGUGGGUGCGCAG,CUGUCACAUGCAGGGUAGGUAUCUCGGGGGUUCGUUUGAG,0.2571428571428571
23,12,GGACGUCAGUCGUAAAUCGACGAGUGGGUGCGCAG,AUUAGUUACAGGGUUUUGGUAAUCAUGGCUGGAUAGACAG,0.2571428571428571
23,15,GGACGUCAGUCGUAAAUCGACGAGUGGGUGCGCAG,GAGAACCUGACCCCAGCGGGCAUAGGAUGAUGUCUGGGUA,0.2571428571428571
23,17,GGACGUCAGUCGUAAAUCGACGAGUGGGUGCGCAG,GCGCUCUUCCUGCACUGAAGGGCGUCAGCAUGGGAUGCGU,0.2571428571428571
23,21,GGACGUCAGUCGUAAAUCGACGAGUGGGUGCGCAG,CUUUGGGACGUGUAAGCUCGUGAUACACCCAUGGGUAACG,0.2571428571428571
23,27,GGACGUCAGUCGUAAAUCGACGAGUGGGUGCGCAG,ACGCAGCAGAGGAAGUAUCAUGGUCCAUGAGCGGGCACCA,0.2571428571428571
26,3,UGGCCCGGGGCCACCGAUUGUUAACUCAGCAGUGGGGUGG,GCGGAGGAAUAUUAUGCUGGGUAGACUGGCCCACU,0.2571428571428571
27,2,ACGCAGCAGAGGAAGUAUCAUGGUCCAUGAGCGGGCACCA,AUGUCCCCUGGACGGAGGGAUACGUAUACAUUCGC,0.2571428571428571
27,23,ACGCAGCAGAGGAAGUAUCAUGGUCCAUGAGCGGGCACCA,GGACGUCAGUCGUAAAUCGACGAGUGGGUGCGCAG,0.2571428571428571
29,20,UCGCGUUGUACCCUGGUACGGGCUGGUUUGGGGCUCCCCA,UCUUGGGAUUUUGACAAACUCUUAGAAUUUUUAGG,0.2571428571428571
1,5,CUGUCACAUGCAGGGUAGGUAUCUCGGGGGUUCGUUUGAG,CGUCCCUGUCUUGGACUGUAGGGACCCCCGUGAUCUACUA,0.25
1,13,CUGUCACAUGCAGGGUAGGUAUCUCGGGGGUUCGUUUGAG,UGGUGCGCCACGGAUCUGUGGGGAUCUCCUUUGUCUGGAA,0.25
1,15,CUGUCACAUGCAGGGUAGGUAUCUCGGGGGUUCGUUUGAG,GAGAACCUGACCCCAGCGGGCAUAGGAUGAUGUCUGGGUA,0.25
1,16,CUGUCACAUGCAGGGUAGGUAUCUCGGGGGUUCGUUUGAG,GUCGUACUUCUGCGUGUACAGGGUUCAUGUUUCUCCCAGA,0.25
1,21,CUGUCACAUGCAGGGUAGGUAUCUCGGGGGUUCGUUUGAG,CUUUGGGACGUGUAAGCUCGUGAUACACCCAUGGGUAACG,0.25
1,24,CUGUCACAUGCAGGGUAGGUAUCUCGGGGGUUCGUUUGAG,AUUCUGUUUUGGGCCCGACUAGGAUUAGGUACCCAUGUCG,0.25
1,26,CUGUCACAUGCAGGGUAGGUAUCUCGGGGGUUCGUUUGAG,UGGCCCGGGGCCACCGAUUGUUAACUCAGCAGUGGGGUGG,0.25
1,27,CUGUCACAUGCAGGGUAGGUAUCUCGGGGGUUCGUUUGAG,ACGCAGCAGAGGAAGUAUCAUGGUCCAUGAGCGGGCACCA,0.25
4,5,CGUCACGUCAUACUAUGGAAUGUCUAGAGUACCCUGGUGG,CGUCCCUGUCUUGGACUGUAGGGACCCCCGUGAUCUACUA,0.25
4,9,CGUCACGUCAUACUAUGGAAUGUCUAGAGUACCCUGGUGG,CGGUCAUCAUUUGGGUAGUAAUCAGACCCAUUGAUGGGAA,0.25
4,13,CGUCACGUCAUACUAUGGAAUGUCUAGAGUACCCUGGUGG,UGGUGCGCCACGGAUCUGUGGGGAUCUCCUUUGUCUGGAA,0.25
4,16,CGUCACGUCAUACUAUGGAAUGUCUAGAGUACCCUGGUGG,GUCGUACUUCUGCGUGUACAGGGUUCAUGUUUCUCCCAGA,0.25
4,21,CGUCACGUCAUACUAUGGAAUGUCUAGAGUACCCUGGUGG,CUUUGGGACGUGUAAGCUCGUGAUACACCCAUGGGUAACG,0.25
5,1,CGUCCCUGUCUUGGACUGUAGGGACCCCCGUGAUCUACUA,CUGUCACAUGCAGGGUAGGUAUCUCGGGGGUUCGUUUGAG,0.25
5,4,CGUCCCUGUCUUGGACUGUAGGGACCCCCGUGAUCUACUA,CGUCACGUCAUACUAUGGAAUGUCUAGAGUACCCUGGUGG,0.25
5,7,CGUCCCUGUCUUGGACUGUAGGGACCCCCGUGAUCUACUA,AGGGUGGGGUGAGGUGACCCCGUCCAACACUCGACACAGA,0.25
5,21,CGUCCCUGUCUUGGACUGUAGGGACCCCCGUGAUCUACUA,CUUUGGGACGUGUAAGCUCGUGAUACACCCAUGGGUAACG,0.25
5,24,CGUCCCUGUCUUGGACUGUAGGGACCCCCGUGAUCUACUA,AUUCUGUUUUGGGCCCGACUAGGAUUAGGUACCCAUGUCG,0.25
5,26,CGUCCCUGUCUUGGACUGUAGGGACCCCCGUGAUCUACUA,UGGCCCGGGGCCACCGAUUGUUAACUCAGCAGUGGGGUGG,0.25
6,11,CUGGCCCAUCCUGACCCGAGGUUGGAGUUAGAGGGACUUA,GUGUCUGUACCCCCGGUGGUACGAUCUCGGAUGGUUCCGA,0.25
6,26,CUGGCCCAUCCUGACCCGAGGUUGGAGUUAGAGGGACUUA,UGGCCCGGGGCCACCGAUUGUUAACUCAGCAGUGGGGUGG,0.25
6,28,CUGGCCCAUCCUGACCCGAGGUUGGAGUUAGAGGGACUUA,CGGGGUUGCUGCACUCGGCAUAGCUGACAUAGGGCUCUGA,0.25
7,5,AGGGUGGGGUGAGGUGACCCCGUCCAACACUCGACACAGA,CGUCCCUGUCUUGGACUGUAGGGACCCCCGUGAUCUACUA,0.25
7,19,AGGGUGGGGUGAGGUGACCCCGUCCAACACUCGACACAGA,UCGUCAUUGGUCGUGGGGCGUCGGGAUUGGCUCGCCCACA,0.25
7,21,AGGGUGGGGUGAGGUGACCCCGUCCAACACUCGACACAGA,CUUUGGGACGUGUAAGCUCGUGAUACACCCAUGGGUAACG,0.25
7,24,AGGGUGGGGUGAGGUGACCCCGUCCAACACUCGACACAGA,AUUCUGUUUUGGGCCCGACUAGGAUUAGGUACCCAUGUCG,0.25
7,26,AGGGUGGGGUGAGGUGACCCCGUCCAACACUCGACACAGA,UGGCCCGGGGCCACCGAUUGUUAACUCAGCAGUGGGGUGG,0.25
8,10,CAGCUUCUUUCUGUAUGGUAUGCGUUGGGUACCCACACGA,GGACCCGGAGACCCUGGGCAUGACUUAUUGAAGUCGUACA,0.25
8,15,CAGCUUCUUUCUGUAUGGUAUGCGUUGGGUACCCACACGA,GAGAACCUGACCCCAGCGGGCAUAGGAUGAUGUCUGGGUA,0.25
9,4,CGGUCAUCAUUUGGGUAGUAAUCAGACCCAUUGAUGGGAA,CGUCACGUCAUACUAUGGAAUGUCUAGAGUACCCUGGUGG,0.25
9,17,CGGUCAUCAUUUGGGUAGUAAUCAGACCCAUUGAUGGGAA,GCGCUCUUCCUGCACUGAAGGGCGUCAGCAUGGGAUGCGU,0.25
9,26,CGGUCAUCAUUUGGGUAGUAAUCAGACCCAUUGAUGGGAA,UGGCCCGGGGCCACCGAUUGUUAACUCAGCAGUGGGGUGG,0.25
9,28,CGGUCAUCAUUUGGGUAGUAAUCAGACCCAUUGAUGGGAA,CGGGGUUGCUGCACUCGGCAUAGCUGACAUAGGGCUCUGA,0.25
10,8,GGACCCGGAGACCCUGGGCAUGACUUAUUGAAGUCGUACA,CAGCUUCUUUCUGUAUGGUAUGCGUUGGGUACCCACACGA,0.25
10,24,GGACCCGGAGACCCUGGGCAUGACUUAUUGAAGUCGUACA,AUUCUGUUUUGGGCCCGACUAGGAUUAGGUACCCAUGUCG,0.25
10,27,GGACCCGGAGACCCUGGGCAUGACUUAUUGAAGUCGUACA,ACGCAGCAGAGGAAGUAUCAUGGUCCAUGAGCGGGCACCA,0.25
11,6,GUGUCUGUACCCCCGGUGGUACGAUCUCGGAUGGUUCCGA,CUGGCCCAUCCUGACCCGAGGUUGGAGUUAGAGGGACUUA,0.25
12,21,AUUAGUUACAGGGUUUUGGUAAUCAUGGCUGGAUAGACAG,CUUUGGGACGUGUAAGCUCGUGAUACACCCAUGGGUAACG,0.25
13,1,UGGUGCGCCACGGAUCUGUGGGGAUCUCCUUUGUCUGGAA,CUGUCACAUGCAGGGUAGGUAUCUCGGGGGUUCGUUUGAG,0.25
13,4,UGGUGCGCCACGGAUCUGUGGGGAUCUCCUUUGUCUGGAA,CGUCACGUCAUACUAUGGAAUGUCUAGAGUACCCUGGUGG,0.25
13,24,UGGUGCGCCACGGAUCUGUGGGGAUCUCCUUUGUCUGGAA,AUUCUGUUUUGGGCCCGACUAGGAUUAGGUACCCAUGUCG,0.25
13,26,UGGUGCGCCACGGAUCUGUGGGGAUCUCCUUUGUCUGGAA,UGGCCCGGGGCCACCGAUUGUUAACUCAGCAGUGGGGUGG,0.25
15,1,GAGAACCUGACCCCAGCGGGCAUAGGAUGAUGUCUGGGUA,CUGUCACAUGCAGGGUAGGUAUCUCGGGGGUUCGUUUGAG,0.25
15,8,GAGAACCUGACCCCAGCGGGCAUAGGAUGAUGUCUGGGUA,CAGCUUCUUUCUGUAUGGUAUGCGUUGGGUACCCACACGA,0.25
15,16,GAGAACCUGACCCCAGCGGGCAUAGGAUGAUGUCUGGGUA,GUCGUACUUCUGCGUGUACAGGGUUCAUGUUUCUCCCAGA,0.25
15,27,GAGAACCUGACCCCAGCGGGCAUAGGAUGAUGUCUGGGUA,ACGCAGCAGAGGAAGUAUCAUGGUCCAUGAGCGGGCACCA,0.25
16,1,GUCGUACUUCUGCGUGUACAGGGUUCAUGUUUCUCCCAGA,CUGUCACAUGCAGGGUAGGUAUCUCGGGGGUUCGUUUGAG,0.25
16,4,GUCGUACUUCUGCGUGUACAGGGUUCAUGUUUCUCCCAGA,CGUCACGUCAUACUAUGGAAUGUCUAGAGUACCCUGGUGG,0.25
16,15,GUCGUACUUCUGCGUGUACAGGGUUCAUGUUUCUCCCAGA,GAGAACCUGACCCCAGCGGGCAUAGGAUGAUGUCUGGGUA,0.25
16,18,GUCGUACUUCUGCGUGUACAGGGUUCAUGUUUCUCCCAGA,GGGACUCUCGGUGGCCCGGCUGGGUAACAGACCAUCGUAG,0.25
17,9,GCGCUCUUCCUGCACUGAAGGGCGUCAGCAUGGGAUGCGU,CGGUCAUCAUUUGGGUAGUAAUCAGACCCAUUGAUGGGAA,0.25
17,18,GCGCUCUUCCUGCACUGAAGGGCGUCAGCAUGGGAUGCGU,GGGACUCUCGGUGGCCCGGCUGGGUAACAGACCAUCGUAG,0.25
17,25,GCGCUCUUCCUGCACUGAAGGGCGUCAGCAUGGGAUGCGU,AAGCAGAUUCGCAGCGGGGUGGGUGUCUCCCAGACAAGAA,0.25
18,16,GGGACUCUCGGUGGCCCGGCUGGGUAACAGACCAUCGUAG,GUCGUACUUCUGCGUGUACAGGGUUCAUGUUUCUCCCAGA,0.25
18,17,GGGACUCUCGGUGGCCCGGCUGGGUAACAGACCAUCGUAG,GCGCUCUUCCUGCACUGAAGGGCGUCAGCAUGGGAUGCGU,0.25
18,26,GGGACUCUCGGUGGCCCGGCUGGGUAACAGACCAUCGUAG,UGGCCCGGGGCCACCGAUUGUUAACUCAGCAGUGGGGUGG,0.25
19,7,UCGUCAUUGGUCGUGGGGCGUCGGGAUUGGCUCGCCCACA,AGGGUGGGGUGAGGUGACCCCGUCCAACACUCGACACAGA,0.25
21,1,CUUUGGGACGUGUAAGCUCGUGAUACACCCAUGGGUAACG,CUGUCACAUGCAGGGUAGGUAUCUCGGGGGUUCGUUUGAG,0.25
21,4,CUUUGGGACGUGUAAGCUCGUGAUACACCCAUGGGUAACG,CGUCACGUCAUACUAUGGAAUGUCUAGAGUACCCUGGUGG,0.25
21,5,CUUUGGGACGUGUAAGCUCGUGAUACACCCAUGGGUAACG,CGUCCCUGUCUUGGACUGUAGGGACCCCCGUGAUCUACUA,0.25
21,7,CUUUGGGACGUGUAAGCUCGUGAUACACCCAUGGGUAACG,AGGGUGGGGUGAGGUGACCCCGUCCAACACUCGACACAGA,0.25
21,12,CUUUGGGACGUGUAAGCUCGUGAUACACCCAUGGGUAACG,AUUAGUUACAGGGUUUUGGUAAUCAUGGCUGGAUAGACAG,0.25
22,24,GGCAUUACACAGCCAUCAGGCAGUGCAGUCUGGGUCUUCG,AUUCUGUUUUGGGCCCGACUAGGAUUAGGUACCCAUGUCG,0.25
22,27,GGCAUUACACAGCCAUCAGGCAGUGCAGUCUGGGUCUUCG,ACGCAGCAGAGGAAGUAUCAUGGUCCAUGAGCGGGCACCA,0.25
22,28,GGCAUUACACAGCCAUCAGGCAGUGCAGUCUGGGUCUUCG,CGGGGUUGCUGCACUCGGCAUAGCUGACAUAGGGCUCUGA,0.25
24,1,AUUCUGUUUUGGGCCCGACUAGGAUUAGGUACCCAUGUCG,CUGUCACAUGCAGGGUAGGUAUCUCGGGGGUUCGUUUGAG,0.25
24,5,AUUCUGUUUUGGGCCCGACUAGGAUUAGGUACCCAUGUCG,CGUCCCUGUCUUGGACUGUAGGGACCCCCGUGAUCUACUA,0.25
24,7,AUUCUGUUUUGGGCCCGACUAGGAUUAGGUACCCAUGUCG,AGGGUGGGGUGAGGUGACCCCGUCCAACACUCGACACAGA,0.25
24,10,AUUCUGUUUUGGGCCCGACUAGGAUUAGGUACCCAUGUCG,GGACCCGGAGACCCUGGGCAUGACUUAUUGAAGUCGUACA,0.25
24,13,AUUCUGUUUUGGGCCCGACUAGGAUUAGGUACCCAUGUCG,UGGUGCGCCACGGAUCUGUGGGGAUCUCCUUUGUCUGGAA,0.25
24,22,AUUCUGUUUUGGGCCCGACUAGGAUUAGGUACCCAUGUCG,GGCAUUACACAGCCAUCAGGCAGUGCAGUCUGGGUCUUCG,0.25
24,26,AUUCUGUUUUGGGCCCGACUAGGAUUAGGUACCCAUGUCG,UGGCCCGGGGCCACCGAUUGUUAACUCAGCAGUGGGGUGG,0.25
25,17,AAGCAGAUUCGCAGCGGGGUGGGUGUCUCCCAGACAAGAA,GCGCUCUUCCUGCACUGAAGGGCGUCAGCAUGGGAUGCGU,0.25
25,28,AAGCAGAUUCGCAGCGGGGUGGGUGUCUCCCAGACAAGAA,CGGGGUUGCUGCACUCGGCAUAGCUGACAUAGGGCUCUGA,0.25
26,1,UGGCCCGGGGCCACCGAUUGUUAACUCAGCAGUGGGGUGG,CUGUCACAUGCAGGGUAGGUAUCUCGGGGGUUCGUUUGAG,0.25
26,5,UGGCCCGGGGCCACCGAUUGUUAACUCAGCAGUGGGGUGG,CGUCCCUGUCUUGGACUGUAGGGACCCCCGUGAUCUACUA,0.25
26,6,UGGCCCGGGGCCACCGAUUGUUAACUCAGCAGUGGGGUGG,CUGGCCCAUCCUGACCCGAGGUUGGAGUUAGAGGGACUUA,0.25
26,7,UGGCCCGGGGCCACCGAUUGUUAACUCAGCAGUGGGGUGG,AGGGUGGGGUGAGGUGACCCCGUCCAACACUCGACACAGA,0.25
26,9,UGGCCCGGGGCCACCGAUUGUUAACUCAGCAGUGGGGUGG,CGGUCAUCAUUUGGGUAGUAAUCAGACCCAUUGAUGGGAA,0.25
26,13,UGGCCCGGGGCCACCGAUUGUUAACUCAGCAGUGGGGUGG,UGGUGCGCCACGGAUCUGUGGGGAUCUCCUUUGUCUGGAA,0.25
26,18,UGGCCCGGGGCCACCGAUUGUUAACUCAGCAGUGGGGUGG,GGGACUCUCGGUGGCCCGGCUGGGUAACAGACCAUCGUAG,0.25
26,24,UGGCCCGGGGCCACCGAUUGUUAACUCAGCAGUGGGGUGG,AUUCUGUUUUGGGCCCGACUAGGAUUAGGUACCCAUGUCG,0.25
27,1,ACGCAGCAGAGGAAGUAUCAUGGUCCAUGAGCGGGCACCA,CUGUCACAUGCAGGGUAGGUAUCUCGGGGGUUCGUUUGAG,0.25
27,10,ACGCAGCAGAGGAAGUAUCAUGGUCCAUGAGCGGGCACCA,GGACCCGGAGACCCUGGGCAUGACUUAUUGAAGUCGUACA,0.25
27,15,ACGCAGCAGAGGAAGUAUCAUGGUCCAUGAGCGGGCACCA,GAGAACCUGACCCCAGCGGGCAUAGGAUGAUGUCUGGGUA,0.25
27,22,ACGCAGCAGAGGAAGUAUCAUGGUCCAUGAGCGGGCACCA,GGCAUUACACAGCCAUCAGGCAGUGCAGUCUGGGUCUUCG,0.25
28,6,CGGGGUUGCUGCACUCGGCAUAGCUGACAUAGGGCUCUGA,CUGGCCCAUCCUGACCCGAGGUUGGAGUUAGAGGGACUUA,0.25
28,9,CGGGGUUGCUGCACUCGGCAUAGCUGACAUAGGGCUCUGA,CGGUCAUCAUUUGGGUAGUAAUCAGACCCAUUGAUGGGAA,0.25
28,22,CGGGGUUGCUGCACUCGGCAUAGCUGACAUAGGGCUCUGA,GGCAUUACACAGCCAUCAGGCAGUGCAGUCUGGGUCUUCG,0.25
28,25,CGGGGUUGCUGCACUCGGCAUAGCUGACAUAGGGCUCUGA,AAGCAGAUUCGCAGCGGGGUGGGUGUCUCCCAGACAAGAA,0.25
2,7,AUGUCCCCUGGACGGAGGGAUACGUAUACAUUCGC,AGGGUGGGGUGAGGUGACCCCGUCCAACACUCGACACAGA,0.22857142857142856
2,14,AUGUCCCCUGGACGGAGGGAUACGUAUACAUUCGC,GACGUGCCAAUGCAGGUCUGGGGGCGUUUAUGGUGUCUGG,0.22857142857142856
3,8,GCGGAGGAAUAUUAUGCUGGGUAGACUGGCCCACU,CAGCUUCUUUCUGUAUGGUAUGCGUUGGGUACCCACACGA,0.22857142857142856
3,13,GCGGAGGAAUAUUAUGCUGGGUAGACUGGCCCACU,UGGUGCGCCACGGAUCUGUGGGGAUCUCCUUUGUCUGGAA,0.22857142857142856
3,18,GCGGAGGAAUAUUAUGCUGGGUAGACUGGCCCACU,GGGACUCUCGGUGGCCCGGCUGGGUAACAGACCAUCGUAG,0.22857142857142856
3,19,GCGGAGGAAUAUUAUGCUGGGUAGACUGGCCCACU,UCGUCAUUGGUCGUGGGGCGUCGGGAUUGGCUCGCCCACA,0.22857142857142856
3,25,GCGGAGGAAUAUUAUGCUGGGUAGACUGGCCCACU,AAGCAGAUUCGCAGCGGGGUGGGUGUCUCCCAGACAAGAA,0.22857142857142856
3,29,GCGGAGGAAUAUUAUGCUGGGUAGACUGGCCCACU,UCGCGUUGUACCCUGGUACGGGCUGGUUUGGGGCUCCCCA,0.22857142857142856
4,23,CGUCACGUCAUACUAUGGAAUGUCUAGAGUACCCUGGUGG,GGACGUCAGUCGUAAAUCGACGAGUGGGUGCGCAG,0.22857142857142856
5,20,CGUCCCUGUCUUGGACUGUAGGGACCCCCGUGAUCUACUA,UCUUGGGAUUUUGACAAACUCUUAGAAUUUUUAGG,0.22857142857142856
5,23,CGUCCCUGUCUUGGACUGUAGGGACCCCCGUGAUCUACUA,GGACGUCAGUCGUAAAUCGACGAGUGGGUGCGCAG,0.22857142857142856
6,23,CUGGCCCAUCCUGACCCGAGGUUGGAGUUAGAGGGACUUA,GGACGUCAGUCGUAAAUCGACGAGUGGGUGCGCAG,0.22857142857142856
7,2,AGGGUGGGGUGAGGUGACCCCGUCCAACACUCGACACAGA,AUGUCCCCUGGACGGAGGGAUACGUAUACAUUCGC,0.22857142857142856
8,3,CAGCUUCUUUCUGUAUGGUAUGCGUUGGGUACCCACACGA,GCGGAGGAAUAUUAUGCUGGGUAGACUGGCCCACU,0.22857142857142856
12,20,AUUAGUUACAGGGUUUUGGUAAUCAUGGCUGGAUAGACAG,UCUUGGGAUUUUGACAAACUCUUAGAAUUUUUAGG,0.22857142857142856
13,3,UGGUGCGCCACGGAUCUGUGGGGAUCUCCUUUGUCUGGAA,GCGGAGGAAUAUUAUGCUGGGUAGACUGGCCCACU,0.22857142857142856
13,23,UGGUGCGCCACGGAUCUGUGGGGAUCUCCUUUGUCUGGAA,GGACGUCAGUCGUAAAUCGACGAGUGGGUGCGCAG,0.22857142857142856
14,2,GACGUGCCAAUGCAGGUCUGGGGGCGUUUAUGGUGUCUGG,AUGUCCCCUGGACGGAGGGAUACGUAUACAUUCGC,0.22857142857142856
16,23,GUCGUACUUCUGCGUGUACAGGGUUCAUGUUUCUCCCAGA,GGACGUCAGUCGUAAAUCGACGAGUGGGUGCGCAG,0.22857142857142856
17,20,GCGCUCUUCCUGCACUGAAGGGCGUCAGCAUGGGAUGCGU,UCUUGGGAUUUUGACAAACUCUUAGAAUUUUUAGG,0.22857142857142856
18,3,GGGACUCUCGGUGGCCCGGCUGGGUAACAGACCAUCGUAG,GCGGAGGAAUAUUAUGCUGGGUAGACUGGCCCACU,0.22857142857142856
19,3,UCGUCAUUGGUCGUGGGGCGUCGGGAUUGGCUCGCCCACA,GCGGAGGAAUAUUAUGCUGGGUAGACUGGCCCACU,0.22857142857142856
20,5,UCUUGGGAUUUUGACAAACUCUUAGAAUUUUUAGG,CGUCCCUGUCUUGGACUGUAGGGACCCCCGUGAUCUACUA,0.22857142857142856
20,12,UCUUGGGAUUUUGACAAACUCUUAGAAUUUUUAGG,AUUAGUUACAGGGUUUUGGUAAUCAUGGCUGGAUAGACAG,0.22857142857142856
20,17,UCUUGGGAUUUUGACAAACUCUUAGAAUUUUUAGG,GCGCUCUUCCUGCACUGAAGGGCGUCAGCAUGGGAUGCGU,0.22857142857142856
20,23,UCUUGGGAUUUUGACAAACUCUUAGAAUUUUUAGG,GGACGUCAGUCGUAAAUCGACGAGUGGGUGCGCAG,0.22857142857142856
20,26,UCUUGGGAUUUUGACAAACUCUUAGAAUUUUUAGG,UGGCCCGGGGCCACCGAUUGUUAACUCAGCAGUGGGGUGG,0.22857142857142856
23,4,GGACGUCAGUCGUAAAUCGACGAGUGGGUGCGCAG,CGUCACGUCAUACUAUGGAAUGUCUAGAGUACCCUGGUGG,0.22857142857142856
23,5,GGACGUCAGUCGUAAAUCGACGAGUGGGUGCGCAG,CGUCCCUGUCUUGGACUGUAGGGACCCCCGUGAUCUACUA,0.22857142857142856
23,6,GGACGUCAGUCGUAAAUCGACGAGUGGGUGCGCAG,CUGGCCCAUCCUGACCCGAGGUUGGAGUUAGAGGGACUUA,0.22857142857142856
23,13,GGACGUCAGUCGUAAAUCGACGAGUGGGUGCGCAG,UGGUGCGCCACGGAUCUGUGGGGAUCUCCUUUGUCUGGAA,0.22857142857142856
23,16,GGACGUCAGUCGUAAAUCGACGAGUGGGUGCGCAG,GUCGUACUUCUGCGUGUACAGGGUUCAUGUUUCUCCCAGA,0.22857142857142856
23,20,GGACGUCAGUCGUAAAUCGACGAGUGGGUGCGCAG,UCUUGGGAUUUUGACAAACUCUUAGAAUUUUUAGG,0.22857142857142856
23,28,GGACGUCAGUCGUAAAUCGACGAGUGGGUGCGCAG,CGGGGUUGCUGCACUCGGCAUAGCUGACAUAGGGCUCUGA,0.22857142857142856
25,3,AAGCAGAUUCGCAGCGGGGUGGGUGUCUCCCAGACAAGAA,GCGGAGGAAUAUUAUGCUGGGUAGACUGGCCCACU,0.22857142857142856
26,20,UGGCCCGGGGCCACCGAUUGUUAACUCAGCAGUGGGGUGG,UCUUGGGAUUUUGACAAACUCUUAGAAUUUUUAGG,0.22857142857142856
28,23,CGGGGUUGCUGCACUCGGCAUAGCUGACAUAGGGCUCUGA,GGACGUCAGUCGUAAAUCGACGAGUGGGUGCGCAG,0.22857142857142856
29,3,UCGCGUUGUACCCUGGUACGGGCUGGUUUGGGGCUCCCCA,GCGGAGGAAUAUUAUGCUGGGUAGACUGGCCCACU,0.22857142857142856
1,4,CUGUCACAUGCAGGGUAGGUAUCUCGGGGGUUCGUUUGAG,CGUCACGUCAUACUAUGGAAUGUCUAGAGUACCCUGGUGG,0.225
1,22,CUGUCACAUGCAGGGUAGGUAUCUCGGGGGUUCGUUUGAG,GGCAUUACACAGCCAUCAGGCAGUGCAGUCUGGGUCUUCG,0.225
1,25,CUGUCACAUGCAGGGUAGGUAUCUCGGGGGUUCGUUUGAG,AAGCAGAUUCGCAGCGGGGUGGGUGUCUCCCAGACAAGAA,0.225
1,29,CUGUCACAUGCAGGGUAGGUAUCUCGGGGGUUCGUUUGAG,UCGCGUUGUACCCUGGUACGGGCUGGUUUGGGGCUCCCCA,0.225
4,1,CGUCACGUCAUACUAUGGAAUGUCUAGAGUACCCUGGUGG,CUGUCACAUGCAGGGUAGGUAUCUCGGGGGUUCGUUUGAG,0.225
4,7,CGUCACGUCAUACUAUGGAAUGUCUAGAGUACCCUGGUGG,AGGGUGGGGUGAGGUGACCCCGUCCAACACUCGACACAGA,0.225
4,11,CGUCACGUCAUACUAUGGAAUGUCUAGAGUACCCUGGUGG,GUGUCUGUACCCCCGGUGGUACGAUCUCGGAUGGUUCCGA,0.225
4,19,CGUCACGUCAUACUAUGGAAUGUCUAGAGUACCCUGGUGG,UCGUCAUUGGUCGUGGGGCGUCGGGAUUGGCUCGCCCACA,0.225
4,27,CGUCACGUCAUACUAUGGAAUGUCUAGAGUACCCUGGUGG,ACGCAGCAGAGGAAGUAUCAUGGUCCAUGAGCGGGCACCA,0.225
5,19,CGUCCCUGUCUUGGACUGUAGGGACCCCCGUGAUCUACUA,UCGUCAUUGGUCGUGGGGCGUCGGGAUUGGCUCGCCCACA,0.225
5,27,CGUCCCUGUCUUGGACUGUAGGGACCCCCGUGAUCUACUA,ACGCAGCAGAGGAAGUAUCAUGGUCCAUGAGCGGGCACCA,0.225
6,7,CUGGCCCAUCCUGACCCGAGGUUGGAGUUAGAGGGACUUA,AGGGUGGGGUGAGGUGACCCCGUCCAACACUCGACACAGA,0.225
6,16,CUGGCCCAUCCUGACCCGAGGUUGGAGUUAGAGGGACUUA,GUCGUACUUCUGCGUGUACAGGGUUCAUGUUUCUCCCAGA,0.225
6,21,CUGGCCCAUCCUGACCCGAGGUUGGAGUUAGAGGGACUUA,CUUUGGGACGUGUAAGCUCGUGAUACACCCAUGGGUAACG,0.225
7,4,AGGGUGGGGUGAGGUGACCCCGUCCAACACUCGACACAGA,CGUCACGUCAUACUAUGGAAUGUCUAGAGUACCCUGGUGG,0.225
7,6,AGGGUGGGGUGAGGUGACCCCGUCCAACACUCGACACAGA,CUGGCCCAUCCUGACCCGAGGUUGGAGUUAGAGGGACUUA,0.225
8,13,CAGCUUCUUUCUGUAUGGUAUGCGUUGGGUACCCACACGA,UGGUGCGCCACGGAUCUGUGGGGAUCUCCUUUGUCUGGAA,0.225
8,26,CAGCUUCUUUCUGUAUGGUAUGCGUUGGGUACCCACACGA,UGGCCCGGGGCCACCGAUUGUUAACUCAGCAGUGGGGUGG,0.225
10,14,GGACCCGGAGACCCUGGGCAUGACUUAUUGAAGUCGUACA,GACGUGCCAAUGCAGGUCUGGGGGCGUUUAUGGUGUCUGG,0.225
10,17,GGACCCGGAGACCCUGGGCAUGACUUAUUGAAGUCGUACA,GCGCUCUUCCUGCACUGAAGGGCGUCAGCAUGGGAUGCGU,0.225
11,4,GUGUCUGUACCCCCGGUGGUACGAUCUCGGAUGGUUCCGA,CGUCACGUCAUACUAUGGAAUGUCUAGAGUACCCUGGUGG,0.225
11,27,GUGUCUGUACCCCCGGUGGUACGAUCUCGGAUGGUUCCGA,ACGCAGCAGAGGAAGUAUCAUGGUCCAUGAGCGGGCACCA,0.225
12,17,AUUAGUUACAGGGUUUUGGUAAUCAUGGCUGGAUAGACAG,GCGCUCUUCCUGCACUGAAGGGCGUCAGCAUGGGAUGCGU,0.225
12,18,AUUAGUUACAGGGUUUUGGUAAUCAUGGCUGGAUAGACAG,GGGACUCUCGGUGGCCCGGCUGGGUAACAGACCAUCGUAG,0.225
12,22,AUUAGUUACAGGGUUUUGGUAAUCAUGGCUGGAUAGACAG,GGCAUUACACAGCCAUCAGGCAGUGCAGUCUGGGUCUUCG,0.225
12,25,AUUAGUUACAGGGUUUUGGUAAUCAUGGCUGGAUAGACAG,AAGCAGAUUCGCAGCGGGGUGGGUGUCUCCCAGACAAGAA,0.225
12,27,AUUAGUUACAGGGUUUUGGUAAUCAUGGCUGGAUAGACAG,ACGCAGCAGAGGAAGUAUCAUGGUCCAUGAGCGGGCACCA,0.225
12,29,AUUAGUUACAGGGUUUUGGUAAUCAUGGCUGGAUAGACAG,UCGCGUUGUACCCUGGUACGGGCUGGUUUGGGGCUCCCCA,0.225
13,8,UGGUGCGCCACGGAUCUGUGGGGAUCUCCUUUGUCUGGAA,CAGCUUCUUUCUGUAUGGUAUGCGUUGGGUACCCACACGA,0.225
13,27,UGGUGCGCCACGGAUCUGUGGGGAUCUCCUUUGUCUGGAA,ACGCAGCAGAGGAAGUAUCAUGGUCCAUGAGCGGGCACCA,0.225
14,10,GACGUGCCAAUGCAGGUCUGGGGGCGUUUAUGGUGUCUGG,GGACCCGGAGACCCUGGGCAUGACUUAUUGAAGUCGUACA,0.225
14,19,GACGUGCCAAUGCAGGUCUGGGGGCGUUUAUGGUGUCUGG,UCGUCAUUGGUCGUGGGGCGUCGGGAUUGGCUCGCCCACA,0.225
14,26,GACGUGCCAAUGCAGGUCUGGGGGCGUUUAUGGUGUCUGG,UGGCCCGGGGCCACCGAUUGUUAACUCAGCAGUGGGGUGG,0.225
14,28,GACGUGCCAAUGCAGGUCUGGGGGCGUUUAUGGUGUCUGG,CGGGGUUGCUGCACUCGGCAUAGCUGACAUAGGGCUCUGA,0.225
15,28,GAGAACCUGACCCCAGCGGGCAUAGGAUGAUGUCUGGGUA,CGGGGUUGCUGCACUCGGCAUAGCUGACAUAGGGCUCUGA,0.225
16,6,GUCGUACUUCUGCGUGUACAGGGUUCAUGUUUCUCCCAGA,CUGGCCCAUCCUGACCCGAGGUUGGAGUUAGAGGGACUUA,0.225
17,10,GCGCUCUUCCUGCACUGAAGGGCGUCAGCAUGGGAUGCGU,GGACCCGGAGACCCUGGGCAUGACUUAUUGAAGUCGUACA,0.225
17,12,GCGCUCUUCCUGCACUGAAGGGCGUCAGCAUGGGAUGCGU,AUUAGUUACAGGGUUUUGGUAAUCAUGGCUGGAUAGACAG,0.225
17,19,GCGCUCUUCCUGCACUGAAGGGCGUCAGCAUGGGAUGCGU,UCGUCAUUGGUCGUGGGGCGUCGGGAUUGGCUCGCCCACA,0.225
17,26,GCGCUCUUCCUGCACUGAAGGGCGUCAGCAUGGGAUGCGU,UGGCCCGGGGCCACCGAUUGUUAACUCAGCAGUGGGGUGG,0.225
18,12,GGGACUCUCGGUGGCCCGGCUGGGUAACAGACCAUCGUAG,AUUAGUUACAGGGUUUUGGUAAUCAUGGCUGGAUAGACAG,0.225
18,21,GGGACUCUCGGUGGCCCGGCUGGGUAACAGACCAUCGUAG,CUUUGGGACGUGUAAGCUCGUGAUACACCCAUGGGUAACG,0.225
18,27,GGGACUCUCGGUGGCCCGGCUGGGUAACAGACCAUCGUAG,ACGCAGCAGAGGAAGUAUCAUGGUCCAUGAGCGGGCACCA,0.225
19,4,UCGUCAUUGGUCGUGGGGCGUCGGGAUUGGCUCGCCCACA,CGUCACGUCAUACUAUGGAAUGUCUAGAGUACCCUGGUGG,0.225
19,5,UCGUCAUUGGUCGUGGGGCGUCGGGAUUGGCUCGCCCACA,CGUCCCUGUCUUGGACUGUAGGGACCCCCGUGAUCUACUA,0.225
19,14,UCGUCAUUGGUCGUGGGGCGUCGGGAUUGGCUCGCCCACA,GACGUGCCAAUGCAGGUCUGGGGGCGUUUAUGGUGUCUGG,0.225
19,17,UCGUCAUUGGUCGUGGGGCGUCGGGAUUGGCUCGCCCACA,GCGCUCUUCCUGCACUGAAGGGCGUCAGCAUGGGAUGCGU,0.225
19,24,UCGUCAUUGGUCGUGGGGCGUCGGGAUUGGCUCGCCCACA,AUUCUGUUUUGGGCCCGACUAGGAUUAGGUACCCAUGUCG,0.225
21,6,CUUUGGGACGUGUAAGCUCGUGAUACACCCAUGGGUAACG,CUGGCCCAUCCUGACCCGAGGUUGGAGUUAGAGGGACUUA,0.225
21,18,CUUUGGGACGUGUAAGCUCGUGAUACACCCAUGGGUAACG,GGGACUCUCGGUGGCCCGGCUGGGUAACAGACCAUCGUAG,0.225
22,1,GGCAUUACACAGCCAUCAGGCAGUGCAGUCUGGGUCUUCG,CUGUCACAUGCAGGGUAGGUAUCUCGGGGGUUCGUUUGAG,0.225
22,12,GGCAUUACACAGCCAUCAGGCAGUGCAGUCUGGGUCUUCG,AUUAGUUACAGGGUUUUGGUAAUCAUGGCUGGAUAGACAG,0.225
24,19,AUUCUGUUUUGGGCCCGACUAGGAUUAGGUACCCAUGUCG,UCGUCAUUGGUCGUGGGGCGUCGGGAUUGGCUCGCCCACA,0.225
25,1,AAGCAGAUUCGCAGCGGGGUGGGUGUCUCCCAGACAAGAA,CUGUCACAUGCAGGGUAGGUAUCUCGGGGGUUCGUUUGAG,0.225
25,12,AAGCAGAUUCGCAGCGGGGUGGGUGUCUCCCAGACAAGAA,AUUAGUUACAGGGUUUUGGUAAUCAUGGCUGGAUAGACAG,0.225
25,26,AAGCAGAUUCGCAGCGGGGUGGGUGUCUCCCAGACAAGAA,UGGCCCGGGGCCACCGAUUGUUAACUCAGCAGUGGGGUGG,0.225
26,8,UGGCCCGGGGCCACCGAUUGUUAACUCAGCAGUGGGGUGG,CAGCUUCUUUCUGUAUGGUAUGCGUUGGGUACCCACACGA,0.225
26,14,UGGCCCGGGGCCACCGAUUGUUAACUCAGCAGUGGGGUGG,GACGUGCCAAUGCAGGUCUGGGGGCGUUUAUGGUGUCUGG,0.225
26,17,UGGCCCGGGGCCACCGAUUGUUAACUCAGCAGUGGGGUGG,GCGCUCUUCCUGCACUGAAGGGCGUCAGCAUGGGAUGCGU,0.225
26,25,UGGCCCGGGGCCACCGAUUGUUAACUCAGCAGUGGGGUGG,AAGCAGAUUCGCAGCGGGGUGGGUGUCUCCCAGACAAGAA,0.225
26,29,UGGCCCGGGGCCACCGAUUGUUAACUCAGCAGUGGGGUGG,UCGCGUUGUACCCUGGUACGGGCUGGUUUGGGGCUCCCCA,0.225
27,4,ACGCAGCAGAGGAAGUAUCAUGGUCCAUGAGCGGGCACCA,CGUCACGUCAUACUAUGGAAUGUCUAGAGUACCCUGGUGG,0.225
27,5,ACGCAGCAGAGGAAGUAUCAUGGUCCAUGAGCGGGCACCA,CGUCCCUGUCUUGGACUGUAGGGACCCCCGUGAUCUACUA,0.225
27,11,ACGCAGCAGAGGAAGUAUCAUGGUCCAUGAGCGGGCACCA,GUGUCUGUACCCCCGGUGGUACGAUCUCGGAUGGUUCCGA,0.225
27,12,ACGCAGCAGAGGAAGUAUCAUGGUCCAUGAGCGGGCACCA,AUUAGUUACAGGGUUUUGGUAAUCAUGGCUGGAUAGACAG,0.225
27,13,ACGCAGCAGAGGAAGUAUCAUGGUCCAUGAGCGGGCACCA,UGGUGCGCCACGGAUCUGUGGGGAUCUCCUUUGUCUGGAA,0.225
27,18,ACGCAGCAGAGGAAGUAUCAUGGUCCAUGAGCGGGCACCA,GGGACUCUCGGUGGCCCGGCUGGGUAACAGACCAUCGUAG,0.225
28,14,CGGGGUUGCUGCACUCGGCAUAGCUGACAUAGGGCUCUGA,GACGUGCCAAUGCAGGUCUGGGGGCGUUUAUGGUGUCUGG,0.225
28,15,CGGGGUUGCUGCACUCGGCAUAGCUGACAUAGGGCUCUGA,GAGAACCUGACCCCAGCGGGCAUAGGAUGAUGUCUGGGUA,0.225
29,1,UCGCGUUGUACCCUGGUACGGGCUGGUUUGGGGCUCCCCA,CUGUCACAUGCAGGGUAGGUAUCUCGGGGGUUCGUUUGAG,0.225
29,12,UCGCGUUGUACCCUGGUACGGGCUGGUUUGGGGCUCCCCA,AUUAGUUACAGGGUUUUGGUAAUCAUGGCUGGAUAGACAG,0.225
29,26,UCGCGUUGUACCCUGGUACGGGCUGGUUUGGGGCUCCCCA,UGGCCCGGGGCCACCGAUUGUUAACUCAGCAGUGGGGUGG,0.225
1,3,CUGUCACAUGCAGGGUAGGUAUCUCGGGGGUUCGUUUGAG,GCGGAGGAAUAUUAUGCUGGGUAGACUGGCCCACU,0.2
2,12,AUGUCCCCUGGACGGAGGGAUACGUAUACAUUCGC,AUUAGUUACAGGGUUUUGGUAAUCAUGGCUGGAUAGACAG,0.2
2,20,AUGUCCCCUGGACGGAGGGAUACGUAUACAUUCGC,UCUUGGGAUUUUGACAAACUCUUAGAAUUUUUAGG,0.2
2,21,AUGUCCCCUGGACGGAGGGAUACGUAUACAUUCGC,CUUUGGGACGUGUAAGCUCGUGAUACACCCAUGGGUAACG,0.2
2,23,AUGUCCCCUGGACGGAGGGAUACGUAUACAUUCGC,GGACGUCAGUCGUAAAUCGACGAGUGGGUGCGCAG,0.2
2,24,AUGUCCCCUGGACGGAGGGAUACGUAUACAUUCGC,AUUCUGUUUUGGGCCCGACUAGGAUUAGGUACCCAUGUCG,0.2
2,26,AUGUCCCCUGGACGGAGGGAUACGUAUACAUUCGC,UGGCCCGGGGCCACCGAUUGUUAACUCAGCAGUGGGGUGG,0.2
3,1,GCGGAGGAAUAUUAUGCUGGGUAGACUGGCCCACU,CUGUCACAUGCAGGGUAGGUAUCUCGGGGGUUCGUUUGAG,0.2
3,10,GCGGAGGAAUAUUAUGCUGGGUAGACUGGCCCACU,GGACCCGGAGACCCUGGGCAUGACUUAUUGAAGUCGUACA,0.2
3,16,GCGGAGGAAUAUUAUGCUGGGUAGACUGGCCCACU,GUCGUACUUCUGCGUGUACAGGGUUCAUGUUUCUCCCAGA,0.2
4,6,CGUCACGUCAUACUAUGGAAUGUCUAGAGUACCCUGGUGG,CUGGCCCAUCCUGACCCGAGGUUGGAGUUAGAGGGACUUA,0.2
5,15,CGUCCCUGUCUUGGACUGUAGGGACCCCCGUGAUCUACUA,GAGAACCUGACCCCAGCGGGCAUAGGAUGAUGUCUGGGUA,0.2
6,4,CUGGCCCAUCCUGACCCGAGGUUGGAGUUAGAGGGACUUA,CGUCACGUCAUACUAUGGAAUGUCUAGAGUACCCUGGUGG,0.2
6,10,CUGGCCCAUCCUGACCCGAGGUUGGAGUUAGAGGGACUUA,GGACCCGGAGACCCUGGGCAUGACUUAUUGAAGUCGUACA,0.2
6,22,CUGGCCCAUCCUGACCCGAGGUUGGAGUUAGAGGGACUUA,GGCAUUACACAGCCAUCAGGCAGUGCAGUCUGGGUCUUCG,0.2
7,8,AGGGUGGGGUGAGGUGACCCCGUCCAACACUCGACACAGA,CAGCUUCUUUCUGUAUGGUAUGCGUUGGGUACCCACACGA,0.2
7,11,AGGGUGGGGUGAGGUGACCCCGUCCAACACUCGACACAGA,GUGUCUGUACCCCCGGUGGUACGAUCUCGGAUGGUUCCGA,0.2
7,15,AGGGUGGGGUGAGGUGACCCCGUCCAACACUCGACACAGA,GAGAACCUGACCCCAGCGGGCAUAGGAUGAUGUCUGGGUA,0.2
7,23,AGGGUGGGGUGAGGUGACCCCGUCCAACACUCGACACAGA,GGACGUCAGUCGUAAAUCGACGAGUGGGUGCGCAG,0.2
7,29,AGGGUGGGGUGAGGUGACCCCGUCCAACACUCGACACAGA,UCGCGUUGUACCCUGGUACGGGCUGGUUUGGGGCUCCCCA,0.2
8,7,CAGCUUCUUUCUGUAUGGUAUGCGUUGGGUACCCACACGA,AGGGUGGGGUGAGGUGACCCCGUCCAACACUCGACACAGA,0.2
9,10,CGGUCAUCAUUUGGGUAGUAAUCAGACCCAUUGAUGGGAA,GGACCCGGAGACCCUGGGCAUGACUUAUUGAAGUCGUACA,0.2
9,12,CGGUCAUCAUUUGGGUAGUAAUCAGACCCAUUGAUGGGAA,AUUAGUUACAGGGUUUUGGUAAUCAUGGCUGGAUAGACAG,0.2
9,14,CGGUCAUCAUUUGGGUAGUAAUCAGACCCAUUGAUGGGAA,GACGUGCCAAUGCAGGUCUGGGGGCGUUUAUGGUGUCUGG,0.2
9,22,CGGUCAUCAUUUGGGUAGUAAUCAGACCCAUUGAUGGGAA,GGCAUUACACAGCCAUCAGGCAGUGCAGUCUGGGUCUUCG,0.2
9,27,CGGUCAUCAUUUGGGUAGUAAUCAGACCCAUUGAUGGGAA,ACGCAGCAGAGGAAGUAUCAUGGUCCAUGAGCGGGCACCA,0.2
9,29,CGGUCAUCAUUUGGGUAGUAAUCAGACCCAUUGAUGGGAA,UCGCGUUGUACCCUGGUACGGGCUGGUUUGGGGCUCCCCA,0.2
10,3,GGACCCGGAGACCCUGGGCAUGACUUAUUGAAGUCGUACA,GCGGAGGAAUAUUAUGCUGGGUAGACUGGCCCACU,0.2
10,6,GGACCCGGAGACCCUGGGCAUGACUUAUUGAAGUCGUACA,CUGGCCCAUCCUGACCCGAGGUUGGAGUUAGAGGGACUUA,0.2
10,9,GGACCCGGAGACCCUGGGCAUGACUUAUUGAAGUCGUACA,CGGUCAUCAUUUGGGUAGUAAUCAGACCCAUUGAUGGGAA,0.2
11,7,GUGUCUGUACCCCCGGUGGUACGAUCUCGGAUGGUUCCGA,AGGGUGGGGUGAGGUGACCCCGUCCAACACUCGACACAGA,0.2
11,12,GUGUCUGUACCCCCGGUGGUACGAUCUCGGAUGGUUCCGA,AUUAGUUACAGGGUUUUGGUAAUCAUGGCUGGAUAGACAG,0.2
11,23,GUGUCUGUACCCCCGGUGGUACGAUCUCGGAUGGUUCCGA,GGACGUCAGUCGUAAAUCGACGAGUGGGUGCGCAG,0.2
12,2,AUUAGUUACAGGGUUUUGGUAAUCAUGGCUGGAUAGACAG,AUGUCCCCUGGACGGAGGGAUACGUAUACAUUCGC,0.2
12,9,AUUAGUUACAGGGUUUUGGUAAUCAUGGCUGGAUAGACAG,CGGUCAUCAUUUGGGUAGUAAUCAGACCCAUUGAUGGGAA,0.2
12,11,AUUAGUUACAGGGUUUUGGUAAUCAUGGCUGGAUAGACAG,GUGUCUGUACCCCCGGUGGUACGAUCUCGGAUGGUUCCGA,0.2
12,15,AUUAGUUACAGGGUUUUGGUAAUCAUGGCUGGAUAGACAG,GAGAACCUGACCCCAGCGGGCAUAGGAUGAUGUCUGGGUA,0.2
13,22,UGGUGCGCCACGGAUCUGUGGGGAUCUCCUUUGUCUGGAA,GGCAUUACACAGCCAUCAGGCAGUGCAGUCUGGGUCUUCG,0.2
14,9,GACGUGCCAAUGCAGGUCUGGGGGCGUUUAUGGUGUCUGG,CGGUCAUCAUUUGGGUAGUAAUCAGACCCAUUGAUGGGAA,0.2
14,20,GACGUGCCAAUGCAGGUCUGGGGGCGUUUAUGGUGUCUGG,UCUUGGGAUUUUGACAAACUCUUAGAAUUUUUAGG,0.2
14,24,GACGUGCCAAUGCAGGUCUGGGGGCGUUUAUGGUGUCUGG,AUUCUGUUUUGGGCCCGACUAGGAUUAGGUACCCAUGUCG,0.2
14,25,GACGUGCCAAUGCAGGUCUGGGGGCGUUUAUGGUGUCUGG,AAGCAGAUUCGCAGCGGGGUGGGUGUCUCCCAGACAAGAA,0.2
15,5,GAGAACCUGACCCCAGCGGGCAUAGGAUGAUGUCUGGGUA,CGUCCCUGUCUUGGACUGUAGGGACCCCCGUGAUCUACUA,0.2
15,7,GAGAACCUGACCCCAGCGGGCAUAGGAUGAUGUCUGGGUA,AGGGUGGGGUGAGGUGACCCCGUCCAACACUCGACACAGA,0.2
15,12,GAGAACCUGACCCCAGCGGGCAUAGGAUGAUGUCUGGGUA,AUUAGUUACAGGGUUUUGGUAAUCAUGGCUGGAUAGACAG,0.2
15,20,GAGAACCUGACCCCAGCGGGCAUAGGAUGAUGUCUGGGUA,UCUUGGGAUUUUGACAAACUCUUAGAAUUUUUAGG,0.2
16,3,GUCGUACUUCUGCGUGUACAGGGUUCAUGUUUCUCCCAGA,GCGGAGGAAUAUUAUGCUGGGUAGACUGGCCCACU,0.2
20,2,UCUUGGGAUUUUGACAAACUCUUAGAAUUUUUAGG,AUGUCCCCUGGACGGAGGGAUACGUAUACAUUCGC,0.2
20,14,UCUUGGGAUUUUGACAAACUCUUAGAAUUUUUAGG,GACGUGCCAAUGCAGGUCUGGGGGCGUUUAUGGUGUCUGG,0.2
20,15,UCUUGGGAUUUUGACAAACUCUUAGAAUUUUUAGG,GAGAACCUGACCCCAGCGGGCAUAGGAUGAUGUCUGGGUA,0.2
20,22,UCUUGGGAUUUUGACAAACUCUUAGAAUUUUUAGG,GGCAUUACACAGCCAUCAGGCAGUGCAGUCUGGGUCUUCG,0.2
21,2,CUUUGGGACGUGUAAGCUCGUGAUACACCCAUGGGUAACG,AUGUCCCCUGGACGGAGGGAUACGUAUACAUUCGC,0.2
21,25,CUUUGGGACGUGUAAGCUCGUGAUACACCCAUGGGUAACG,AAGCAGAUUCGCAGCGGGGUGGGUGUCUCCCAGACAAGAA,0.2
21,29,CUUUGGGACGUGUAAGCUCGUGAUACACCCAUGGGUAACG,UCGCGUUGUACCCUGGUACGGGCUGGUUUGGGGCUCCCCA,0.2
22,6,GGCAUUACACAGCCAUCAGGCAGUGCAGUCUGGGUCUUCG,CUGGCCCAUCCUGACCCGAGGUUGGAGUUAGAGGGACUUA,0.2
22,9,GGCAUUACACAGCCAUCAGGCAGUGCAGUCUGGGUCUUCG,CGGUCAUCAUUUGGGUAGUAAUCAGACCCAUUGAUGGGAA,0.2
22,13,GGCAUUACACAGCCAUCAGGCAGUGCAGUCUGGGUCUUCG,UGGUGCGCCACGGAUCUGUGGGGAUCUCCUUUGUCUGGAA,0.2
22,20,GGCAUUACACAGCCAUCAGGCAGUGCAGUCUGGGUCUUCG,UCUUGGGAUUUUGACAAACUCUUAGAAUUUUUAGG,0.2
22,25,GGCAUUACACAGCCAUCAGGCAGUGCAGUCUGGGUCUUCG,AAGCAGAUUCGCAGCGGGGUGGGUGUCUCCCAGACAAGAA,0.2
22,26,GGCAUUACACAGCCAUCAGGCAGUGCAGUCUGGGUCUUCG,UGGCCCGGGGCCACCGAUUGUUAACUCAGCAGUGGGGUGG,0.2
23,2,GGACGUCAGUCGUAAAUCGACGAGUGGGUGCGCAG,AUGUCCCCUGGACGGAGGGAUACGUAUACAUUCGC,0.2
23,7,GGACGUCAGUCGUAAAUCGACGAGUGGGUGCGCAG,AGGGUGGGGUGAGGUGACCCCGUCCAACACUCGACACAGA,0.2
23,11,GGACGUCAGUCGUAAAUCGACGAGUGGGUGCGCAG,GUGUCUGUACCCCCGGUGGUACGAUCUCGGAUGGUUCCGA,0.2
23,24,GGACGUCAGUCGUAAAUCGACGAGUGGGUGCGCAG,AUUCUGUUUUGGGCCCGACUAGGAUUAGGUACCCAUGUCG,0.2
23,26,GGACGUCAGUCGUAAAUCGACGAGUGGGUGCGCAG,UGGCCCGGGGCCACCGAUUGUUAACUCAGCAGUGGGGUGG,0.2
24,2,AUUCUGUUUUGGGCCCGACUAGGAUUAGGUACCCAUGUCG,AUGUCCCCUGGACGGAGGGAUACGUAUACAUUCGC,0.2
24,14,AUUCUGUUUUGGGCCCGACUAGGAUUAGGUACCCAUGUCG,GACGUGCCAAUGCAGGUCUGGGGGCGUUUAUGGUGUCUGG,0.2
24,23,AUUCUGUUUUGGGCCCGACUAGGAUUAGGUACCCAUGUCG,GGACGUCAGUCGUAAAUCGACGAGUGGGUGCGCAG,0.2
24,29,AUUCUGUUUUGGGCCCGACUAGGAUUAGGUACCCAUGUCG,UCGCGUUGUACCCUGGUACGGGCUGGUUUGGGGCUCCCCA,0.2
25,14,AAGCAGAUUCGCAGCGGGGUGGGUGUCUCCCAGACAAGAA,GACGUGCCAAUGCAGGUCUGGGGGCGUUUAUGGUGUCUGG,0.2
25,21,AAGCAGAUUCGCAGCGGGGUGGGUGUCUCCCAGACAAGAA,CUUUGGGACGUGUAAGCUCGUGAUACACCCAUGGGUAACG,0.2
25,22,AAGCAGAUUCGCAGCGGGGUGGGUGUCUCCCAGACAAGAA,GGCAUUACACAGCCAUCAGGCAGUGCAGUCUGGGUCUUCG,0.2
26,2,UGGCCCGGGGCCACCGAUUGUUAACUCAGCAGUGGGGUGG,AUGUCCCCUGGACGGAGGGAUACGUAUACAUUCGC,0.2
26,22,UGGCCCGGGGCCACCGAUUGUUAACUCAGCAGUGGGGUGG,GGCAUUACACAGCCAUCAGGCAGUGCAGUCUGGGUCUUCG,0.2
26,23,UGGCCCGGGGCCACCGAUUGUUAACUCAGCAGUGGGGUGG,GGACGUCAGUCGUAAAUCGACGAGUGGGUGCGCAG,0.2
27,9,ACGCAGCAGAGGAAGUAUCAUGGUCCAUGAGCGGGCACCA,CGGUCAUCAUUUGGGUAGUAAUCAGACCCAUUGAUGGGAA,0.2
29,7,UCGCGUUGUACCCUGGUACGGGCUGGUUUGGGGCUCCCCA,AGGGUGGGGUGAGGUGACCCCGUCCAACACUCGACACAGA,0.2
29,9,UCGCGUUGUACCCUGGUACGGGCUGGUUUGGGGCUCCCCA,CGGUCAUCAUUUGGGUAGUAAUCAGACCCAUUGAUGGGAA,0.2
29,21,UCGCGUUGUACCCUGGUACGGGCUGGUUUGGGGCUCCCCA,CUUUGGGACGUGUAAGCUCGUGAUACACCCAUGGGUAACG,0.2
29,24,UCGCGUUGUACCCUGGUACGGGCUGGUUUGGGGCUCCCCA,AUUCUGUUUUGGGCCCGACUAGGAUUAGGUACCCAUGUCG,0.2
1,7,CUGUCACAUGCAGGGUAGGUAUCUCGGGGGUUCGUUUGAG,AGGGUGGGGUGAGGUGACCCCGUCCAACACUCGACACAGA,0.175
1,14,CUGUCACAUGCAGGGUAGGUAUCUCGGGGGUUCGUUUGAG,GACGUGCCAAUGCAGGUCUGGGGGCGUUUAUGGUGUCUGG,0.175
1,17,CUGUCACAUGCAGGGUAGGUAUCUCGGGGGUUCGUUUGAG,GCGCUCUUCCUGCACUGAAGGGCGUCAGCAUGGGAUGCGU,0.175
4,14,CGUCACGUCAUACUAUGGAAUGUCUAGAGUACCCUGGUGG,GACGUGCCAAUGCAGGUCUGGGGGCGUUUAUGGUGUCUGG,0.175
4,22,CGUCACGUCAUACUAUGGAAUGUCUAGAGUACCCUGGUGG,GGCAUUACACAGCCAUCAGGCAGUGCAGUCUGGGUCUUCG,0.175
4,29,CGUCACGUCAUACUAUGGAAUGUCUAGAGUACCCUGGUGG,UCGCGUUGUACCCUGGUACGGGCUGGUUUGGGGCUCCCCA,0.175
5,22,CGUCCCUGUCUUGGACUGUAGGGACCCCCGUGAUCUACUA,GGCAUUACACAGCCAUCAGGCAGUGCAGUCUGGGUCUUCG,0.175
6,12,CUGGCCCAUCCUGACCCGAGGUUGGAGUUAGAGGGACUUA,AUUAGUUACAGGGUUUUGGUAAUCAUGGCUGGAUAGACAG,0.175
7,1,AGGGUGGGGUGAGGUGACCCCGUCCAACACUCGACACAGA,CUGUCACAUGCAGGGUAGGUAUCUCGGGGGUUCGUUUGAG,0.175
7,17,AGGGUGGGGUGAGGUGACCCCGUCCAACACUCGACACAGA,GCGCUCUUCCUGCACUGAAGGGCGUCAGCAUGGGAUGCGU,0.175
7,22,AGGGUGGGGUGAGGUGACCCCGUCCAACACUCGACACAGA,GGCAUUACACAGCCAUCAGGCAGUGCAGUCUGGGUCUUCG,0.175
8,14,CAGCUUCUUUCUGUAUGGUAUGCGUUGGGUACCCACACGA,GACGUGCCAAUGCAGGUCUGGGGGCGUUUAUGGUGUCUGG,0.175
9,16,CGGUCAUCAUUUGGGUAGUAAUCAGACCCAUUGAUGGGAA,GUCGUACUUCUGCGUGUACAGGGUUCAUGUUUCUCCCAGA,0.175
9,21,CGGUCAUCAUUUGGGUAGUAAUCAGACCCAUUGAUGGGAA,CUUUGGGACGUGUAAGCUCGUGAUACACCCAUGGGUAACG,0.175
12,6,AUUAGUUACAGGGUUUUGGUAAUCAUGGCUGGAUAGACAG,CUGGCCCAUCCUGACCCGAGGUUGGAGUUAGAGGGACUUA,0.175
14,1,GACGUGCCAAUGCAGGUCUGGGGGCGUUUAUGGUGUCUGG,CUGUCACAUGCAGGGUAGGUAUCUCGGGGGUUCGUUUGAG,0.175
14,4,GACGUGCCAAUGCAGGUCUGGGGGCGUUUAUGGUGUCUGG,CGUCACGUCAUACUAUGGAAUGUCUAGAGUACCCUGGUGG,0.175
14,8,GACGUGCCAAUGCAGGUCUGGGGGCGUUUAUGGUGUCUGG,CAGCUUCUUUCUGUAUGGUAUGCGUUGGGUACCCACACGA,0.175
14,18,GACGUGCCAAUGCAGGUCUGGGGGCGUUUAUGGUGUCUGG,GGGACUCUCGGUGGCCCGGCUGGGUAACAGACCAUCGUAG,0.175
15,24,GAGAACCUGACCCCAGCGGGCAUAGGAUGAUGUCUGGGUA,AUUCUGUUUUGGGCCCGACUAGGAUUAGGUACCCAUGUCG,0.175
16,9,GUCGUACUUCUGCGUGUACAGGGUUCAUGUUUCUCCCAGA,CGGUCAUCAUUUGGGUAGUAAUCAGACCCAUUGAUGGGAA,0.175
17,1,GCGCUCUUCCUGCACUGAAGGGCGUCAGCAUGGGAUGCGU,CUGUCACAUGCAGGGUAGGUAUCUCGGGGGUUCGUUUGAG,0.175
17,7,GCGCUCUUCCUGCACUGAAGGGCGUCAGCAUGGGAUGCGU,AGGGUGGGGUGAGGUGACCCCGUCCAACACUCGACACAGA,0.175
18,14,GGGACUCUCGGUGGCCCGGCUGGGUAACAGACCAUCGUAG,GACGUGCCAAUGCAGGUCUGGGGGCGUUUAUGGUGUCUGG,0.175
21,9,CUUUGGGACGUGUAAGCUCGUGAUACACCCAUGGGUAACG,CGGUCAUCAUUUGGGUAGUAAUCAGACCCAUUGAUGGGAA,0.175
22,4,GGCAUUACACAGCCAUCAGGCAGUGCAGUCUGGGUCUUCG,CGUCACGUCAUACUAUGGAAUGUCUAGAGUACCCUGGUGG,0.175
22,5,GGCAUUACACAGCCAUCAGGCAGUGCAGUCUGGGUCUUCG,CGUCCCUGUCUUGGACUGUAGGGACCCCCGUGAUCUACUA,0.175
22,7,GGCAUUACACAGCCAUCAGGCAGUGCAGUCUGGGUCUUCG,AGGGUGGGGUGAGGUGACCCCGUCCAACACUCGACACAGA,0.175
24,15,AUUCUGUUUUGGGCCCGACUAGGAUUAGGUACCCAUGUCG,GAGAACCUGACCCCAGCGGGCAUAGGAUGAUGUCUGGGUA,0.175
29,4,UCGCGUUGUACCCUGGUACGGGCUGGUUUGGGGCUCCCCA,CGUCACGUCAUACUAUGGAAUGUCUAGAGUACCCUGGUGG,0.175
2,22,AUGUCCCCUGGACGGAGGGAUACGUAUACAUUCGC,GGCAUUACACAGCCAUCAGGCAGUGCAGUCUGGGUCUUCG,0.17142857142857143
2,29,AUGUCCCCUGGACGGAGGGAUACGUAUACAUUCGC,UCGCGUUGUACCCUGGUACGGGCUGGUUUGGGGCUCCCCA,0.17142857142857143
3,4,GCGGAGGAAUAUUAUGCUGGGUAGACUGGCCCACU,CGUCACGUCAUACUAUGGAAUGUCUAGAGUACCCUGGUGG,0.17142857142857143
3,9,GCGGAGGAAUAUUAUGCUGGGUAGACUGGCCCACU,CGGUCAUCAUUUGGGUAGUAAUCAGACCCAUUGAUGGGAA,0.17142857142857143
3,12,GCGGAGGAAUAUUAUGCUGGGUAGACUGGCCCACU,AUUAGUUACAGGGUUUUGGUAAUCAUGGCUGGAUAGACAG,0.17142857142857143
3,24,GCGGAGGAAUAUUAUGCUGGGUAGACUGGCCCACU,AUUCUGUUUUGGGCCCGACUAGGAUUAGGUACCCAUGUCG,0.17142857142857143
4,3,CGUCACGUCAUACUAUGGAAUGUCUAGAGUACCCUGGUGG,GCGGAGGAAUAUUAUGCUGGGUAGACUGGCCCACU,0.17142857142857143
4,20,CGUCACGUCAUACUAUGGAAUGUCUAGAGUACCCUGGUGG,UCUUGGGAUUUUGACAAACUCUUAGAAUUUUUAGG,0.17142857142857143
9,3,CGGUCAUCAUUUGGGUAGUAAUCAGACCCAUUGAUGGGAA,GCGGAGGAAUAUUAUGCUGGGUAGACUGGCCCACU,0.17142857142857143
11,20,GUGUCUGUACCCCCGGUGGUACGAUCUCGGAUGGUUCCGA,UCUUGGGAUUUUGACAAACUCUUAGAAUUUUUAGG,0.17142857142857143
12,3,AUUAGUUACAGGGUUUUGGUAAUCAUGGCUGGAUAGACAG,GCGGAGGAAUAUUAUGCUGGGUAGACUGGCCCACU,0.17142857142857143
20,4,UCUUGGGAUUUUGACAAACUCUUAGAAUUUUUAGG,CGUCACGUCAUACUAUGGAAUGUCUAGAGUACCCUGGUGG,0.17142857142857143
20,11,UCUUGGGAUUUUGACAAACUCUUAGAAUUUUUAGG,GUGUCUGUACCCCCGGUGGUACGAUCUCGGAUGGUUCCGA,0.17142857142857143
20,25,UCUUGGGAUUUUGACAAACUCUUAGAAUUUUUAGG,AAGCAGAUUCGCAGCGGGGUGGGUGUCUCCCAGACAAGAA,0.17142857142857143
20,28,UCUUGGGAUUUUGACAAACUCUUAGAAUUUUUAGG,CGGGGUUGCUGCACUCGGCAUAGCUGACAUAGGGCUCUGA,0.17142857142857143
22,2,GGCAUUACACAGCCAUCAGGCAGUGCAGUCUGGGUCUUCG,AUGUCCCCUGGACGGAGGGAUACGUAUACAUUCGC,0.17142857142857143
24,3,AUUCUGUUUUGGGCCCGACUAGGAUUAGGUACCCAUGUCG,GCGGAGGAAUAUUAUGCUGGGUAGACUGGCCCACU,0.17142857142857143
25,20,AAGCAGAUUCGCAGCGGGGUGGGUGUCUCCCAGACAAGAA,UCUUGGGAUUUUGACAAACUCUUAGAAUUUUUAGG,0.17142857142857143
28,20,CGGGGUUGCUGCACUCGGCAUAGCUGACAUAGGGCUCUGA,UCUUGGGAUUUUGACAAACUCUUAGAAUUUUUAGG,0.17142857142857143
29,2,UCGCGUUGUACCCUGGUACGGGCUGGUUUGGGGCUCCCCA,AUGUCCCCUGGACGGAGGGAUACGUAUACAUUCGC,0.17142857142857143
1,28,CUGUCACAUGCAGGGUAGGUAUCUCGGGGGUUCGUUUGAG,CGGGGUUGCUGCACUCGGCAUAGCUGACAUAGGGCUCUGA,0.15
4,25,CGUCACGUCAUACUAUGGAAUGUCUAGAGUACCCUGGUGG,AAGCAGAUUCGCAGCGGGGUGGGUGUCUCCCAGACAAGAA,0.15
6,24,CUGGCCCAUCCUGACCCGAGGUUGGAGUUAGAGGGACUUA,AUUCUGUUUUGGGCCCGACUAGGAUUAGGUACCCAUGUCG,0.15
7,12,AGGGUGGGGUGAGGUGACCCCGUCCAACACUCGACACAGA,AUUAGUUACAGGGUUUUGGUAAUCAUGGCUGGAUAGACAG,0.15
8,21,CAGCUUCUUUCUGUAUGGUAUGCGUUGGGUACCCACACGA,CUUUGGGACGUGUAAGCUCGUGAUACACCCAUGGGUAACG,0.15
8,22,CAGCUUCUUUCUGUAUGGUAUGCGUUGGGUACCCACACGA,GGCAUUACACAGCCAUCAGGCAGUGCAGUCUGGGUCUUCG,0.15
9,24,CGGUCAUCAUUUGGGUAGUAAUCAGACCCAUUGAUGGGAA,AUUCUGUUUUGGGCCCGACUAGGAUUAGGUACCCAUGUCG,0.15
10,12,GGACCCGGAGACCCUGGGCAUGACUUAUUGAAGUCGUACA,AUUAGUUACAGGGUUUUGGUAAUCAUGGCUGGAUAGACAG,0.15
12,7,AUUAGUUACAGGGUUUUGGUAAUCAUGGCUGGAUAGACAG,AGGGUGGGGUGAGGUGACCCCGUCCAACACUCGACACAGA,0.15
12,10,AUUAGUUACAGGGUUUUGGUAAUCAUGGCUGGAUAGACAG,GGACCCGGAGACCCUGGGCAUGACUUAUUGAAGUCGUACA,0.15
12,14,AUUAGUUACAGGGUUUUGGUAAUCAUGGCUGGAUAGACAG,GACGUGCCAAUGCAGGUCUGGGGGCGUUUAUGGUGUCUGG,0.15
12,16,AUUAGUUACAGGGUUUUGGUAAUCAUGGCUGGAUAGACAG,GUCGUACUUCUGCGUGUACAGGGUUCAUGUUUCUCCCAGA,0.15
14,12,GACGUGCCAAUGCAGGUCUGGGGGCGUUUAUGGUGUCUGG,AUUAGUUACAGGGUUUUGGUAAUCAUGGCUGGAUAGACAG,0.15
16,12,GUCGUACUUCUGCGUGUACAGGGUUCAUGUUUCUCCCAGA,AUUAGUUACAGGGUUUUGGUAAUCAUGGCUGGAUAGACAG,0.15
18,29,GGGACUCUCGGUGGCCCGGCUGGGUAACAGACCAUCGUAG,UCGCGUUGUACCCUGGUACGGGCUGGUUUGGGGCUCCCCA,0.15
19,22,UCGUCAUUGGUCGUGGGGCGUCGGGAUUGGCUCGCCCACA,GGCAUUACACAGCCAUCAGGCAGUGCAGUCUGGGUCUUCG,0.15
21,8,CUUUGGGACGUGUAAGCUCGUGAUACACCCAUGGGUAACG,CAGCUUCUUUCUGUAUGGUAUGCGUUGGGUACCCACACGA,0.15
22,8,GGCAUUACACAGCCAUCAGGCAGUGCAGUCUGGGUCUUCG,CAGCUUCUUUCUGUAUGGUAUGCGUUGGGUACCCACACGA,0.15
22,19,GGCAUUACACAGCCAUCAGGCAGUGCAGUCUGGGUCUUCG,UCGUCAUUGGUCGUGGGGCGUCGGGAUUGGCUCGCCCACA,0.15
24,6,AUUCUGUUUUGGGCCCGACUAGGAUUAGGUACCCAUGUCG,CUGGCCCAUCCUGACCCGAGGUUGGAGUUAGAGGGACUUA,0.15
24,9,AUUCUGUUUUGGGCCCGACUAGGAUUAGGUACCCAUGUCG,CGGUCAUCAUUUGGGUAGUAAUCAGACCCAUUGAUGGGAA,0.15
25,4,AAGCAGAUUCGCAGCGGGGUGGGUGUCUCCCAGACAAGAA,CGUCACGUCAUACUAUGGAAUGUCUAGAGUACCCUGGUGG,0.15
28,1,CGGGGUUGCUGCACUCGGCAUAGCUGACAUAGGGCUCUGA,CUGUCACAUGCAGGGUAGGUAUCUCGGGGGUUCGUUUGAG,0.15
29,18,UCGCGUUGUACCCUGGUACGGGCUGGUUUGGGGCUCCCCA,GGGACUCUCGGUGGCCCGGCUGGGUAACAGACCAUCGUAG,0.15
8,20,CAGCUUCUUUCUGUAUGGUAUGCGUUGGGUACCCACACGA,UCUUGGGAUUUUGACAAACUCUUAGAAUUUUUAGG,0.14285714285714285
10,20,GGACCCGGAGACCCUGGGCAUGACUUAUUGAAGUCGUACA,UCUUGGGAUUUUGACAAACUCUUAGAAUUUUUAGG,0.14285714285714285
18,20,GGGACUCUCGGUGGCCCGGCUGGGUAACAGACCAUCGUAG,UCUUGGGAUUUUGACAAACUCUUAGAAUUUUUAGG,0.14285714285714285
19,23,UCGUCAUUGGUCGUGGGGCGUCGGGAUUGGCUCGCCCACA,GGACGUCAGUCGUAAAUCGACGAGUGGGUGCGCAG,0.14285714285714285
20,8,UCUUGGGAUUUUGACAAACUCUUAGAAUUUUUAGG,CAGCUUCUUUCUGUAUGGUAUGCGUUGGGUACCCACACGA,0.14285714285714285
20,10,UCUUGGGAUUUUGACAAACUCUUAGAAUUUUUAGG,GGACCCGGAGACCCUGGGCAUGACUUAUUGAAGUCGUACA,0.14285714285714285
20,18,UCUUGGGAUUUUGACAAACUCUUAGAAUUUUUAGG,GGGACUCUCGGUGGCCCGGCUGGGUAACAGACCAUCGUAG,0.14285714285714285
23,19,GGACGUCAGUCGUAAAUCGACGAGUGGGUGCGCAG,UCGUCAUUGGUCGUGGGGCGUCGGGAUUGGCUCGCCCACA,0.14285714285714285
23,25,GGACGUCAGUCGUAAAUCGACGAGUGGGUGCGCAG,AAGCAGAUUCGCAGCGGGGUGGGUGUCUCCCAGACAAGAA,0.14285714285714285
25,23,AAGCAGAUUCGCAGCGGGGUGGGUGUCUCCCAGACAAGAA,GGACGUCAGUCGUAAAUCGACGAGUGGGUGCGCAG,0.14285714285714285
1,10,CUGUCACAUGCAGGGUAGGUAUCUCGGGGGUUCGUUUGAG,GGACCCGGAGACCCUGGGCAUGACUUAUUGAAGUCGUACA,0.125
10,1,GGACCCGGAGACCCUGGGCAUGACUUAUUGAAGUCGUACA,CUGUCACAUGCAGGGUAGGUAUCUCGGGGGUUCGUUUGAG,0.125
15,21,GAGAACCUGACCCCAGCGGGCAUAGGAUGAUGUCUGGGUA,CUUUGGGACGUGUAAGCUCGUGAUACACCCAUGGGUAACG,0.125
21,15,CUUUGGGACGUGUAAGCUCGUGAUACACCCAUGGGUAACG,GAGAACCUGACCCCAGCGGGCAUAGGAUGAUGUCUGGGUA,0.125
2,3,AUGUCCCCUGGACGGAGGGAUACGUAUACAUUCGC,GCGGAGGAAUAUUAUGCUGGGUAGACUGGCCCACU,0.11428571428571428
3,2,GCGGAGGAAUAUUAUGCUGGGUAGACUGGCCCACU,AUGUCCCCUGGACGGAGGGAUACGUAUACAUUCGC,0.11428571428571428
3,5,GCGGAGGAAUAUUAUGCUGGGUAGACUGGCCCACU,CGUCCCUGUCUUGGACUGUAGGGACCCCCGUGAUCUACUA,0.11428571428571428
3,28,GCGGAGGAAUAUUAUGCUGGGUAGACUGGCCCACU,CGGGGUUGCUGCACUCGGCAUAGCUGACAUAGGGCUCUGA,0.11428571428571428
5,3,CGUCCCUGUCUUGGACUGUAGGGACCCCCGUGAUCUACUA,GCGGAGGAAUAUUAUGCUGGGUAGACUGGCCCACU,0.11428571428571428
9,23,CGGUCAUCAUUUGGGUAGUAAUCAGACCCAUUGAUGGGAA,GGACGUCAGUCGUAAAUCGACGAGUGGGUGCGCAG,0.11428571428571428
23,9,GGACGUCAGUCGUAAAUCGACGAGUGGGUGCGCAG,CGGUCAUCAUUUGGGUAGUAAUCAGACCCAUUGAUGGGAA,0.11428571428571428
28,3,CGGGGUUGCUGCACUCGGCAUAGCUGACAUAGGGCUCUGA,GCGGAGGAAUAUUAUGCUGGGUAGACUGGCCCACU,0.11428571428571428
12,19,AUUAGUUACAGGGUUUUGGUAAUCAUGGCUGGAUAGACAG,UCGUCAUUGGUCGUGGGGCGUCGGGAUUGGCUCGCCCACA,0.1
12,26,AUUAGUUACAGGGUUUUGGUAAUCAUGGCUGGAUAGACAG,UGGCCCGGGGCCACCGAUUGUUAACUCAGCAGUGGGGUGG,0.1
19,12,UCGUCAUUGGUCGUGGGGCGUCGGGAUUGGCUCGCCCACA,AUUAGUUACAGGGUUUUGGUAAUCAUGGCUGGAUAGACAG,0.1
26,12,UGGCCCGGGGCCACCGAUUGUUAACUCAGCAGUGGGGUGG,AUUAGUUACAGGGUUUUGGUAAUCAUGGCUGGAUAGACAG,0.1
16,26,GUCGUACUUCUGCGUGUACAGGGUUCAUGUUUCUCCCAGA,UGGCCCGGGGCCACCGAUUGUUAACUCAGCAGUGGGGUGG,0.075
26,16,UGGCCCGGGGCCACCGAUUGUUAACUCAGCAGUGGGGUGG,GUCGUACUUCUGCGUGUACAGGGUUCAUGUUUCUCCCAGA,0.075
