TGGGGTCGAGGGTATCTATGGTTTCTTTCTGGGTTTTGCA,[[0.9889254000]],[[0.98788935]],"1852.144
","1760.804
",,"1763.037
"
AGGTCAGGGATGCTTGTAGGTCCTGGTTTGTCTAAATCGA,[[0.9888878500]],[[0.98574233]],"1995.305
","1890.450
",,"1934.871
"
CTCCCCGAGGCTGAGGGTATCATGGGGAGTCAGCG,[[0.9878800500]],[[0.9627894]],"1940.168
","2052.734
",,"1785.774
"
CGCTCTTGGGCTTCGGGGTTCAGTTCGAGACATTTTGAGT,[[0.9876568300]],[[0.94566345]],"1841.046
","1755.448
",,"1854.573
"
CTGTCACATGCAGGGTAGGTATCTCGGGGGTTCGTTTGAG,[[0.9875053000]],[[0.968193]],"2039.728
","1846.220
",T1,"
"
TCGTAGAATTTGGGAGCATTCCCGTCAGGGGGTCTCATAC,[[0.9873507600]],[[0.9622208]],"1789.601
","2049.873
",,"1877.637
"
ATGTCCCCTGGACGGAGGGATACGTATACATTCGC,[[0.9868374000]],[[0.8888108]],"2389.907
",,,"1855.395
"
GTCATTGGTTAGGAGGGATAGAAGGTCCCATCCAC,[[0.9867793300]],[[0.8791227]],"1693.853
",,,"1989.925
"
TATCCCGGATTGTCCGGGACTTGGATTGGGGGTTCCTTCA,[[0.9867350000]],[[0.97719395]],"1870.948
",,,"1988.711
"
GGACCCTCCCGGTCAGGGGTGGTGCTGAGGTCGAT,[[0.9862199000]],[[0.96460044]],"1830.347
",,,"1700.191
"
TGATGTCTTGCTGATTGGATGGGGTCTCCAGTGACCCAAA,[[0.9854061600]],[[0.7483125]],"1952.922
",,,"1788.359
"
GCGGAGGAATATTATGCTGGGTAGACTGGCCCACT,[[0.9851402600]],[[0.9747284]],"2039.526
",,T2,
TCCCCTCCGGGACATGTAATATAGTGGATCTGGTA,[[0.9850590000]],[[0.7783543]],"1817.955
",,,"1999.161
"
GTATCTCTGGTCTGACAGGGACAGCTAGGTTAGAGAGCAG,[[0.9845905300]],[[0.9250734]],"1847.608
",,,"1712.397
"
CGGGACTGGGGTTGTTGCAGAGACCTCGATGACCG,[[0.9845674000]],[[0.9759818]],"1749.577
",,,"1920.703
"
CCCCATTAGAGGTCGAGTCAGGTCTTTGTGGTCGT,[[0.9837975000]],[[0.80863494]],"1734.908
",,,"1920.375
"
CGTCACGTCATACTATGGAATGTCTAGAGTACCCTGGTGG,[[0.9834246000]],[[0.67737937]],"2027.960
",,T3,
TTGGGAGATTTGGGTCTCGACATGTTATATGAGTATCGAT,[[0.9834027000]],[[0.6327179]],"1923.479
",,,"1784.768
"
CTCGCCGACGGTGGGGTACCTTGAGGCACAGGGTAAACCG,[[0.9827249600]],[[0.74966633]],"1934.135
",,,"1818.909
"
TCCGAGGATTTGGACTACAGGATGGTCATTACGCTGAAGA,[[0.9826906300]],[[0.8458939]],"1847.241
",,,"1699.072
"
CGTCCCTGTCTTGGACTGTAGGGACCCCCGTGATCTACTA,[[0.9826165400]],[[0.5837227]],"2114.917
",,,"2002.273
"
CTGGCCCATCCTGACCCGAGGTTGGAGTTAGAGGGACTTA,[[0.9825813000]],[[0.6797329]],"2020.709
",,T4,
ATACCGGATCTGTACTATACGATGGGTTGACCCGGTCGGA,[[0.9819064000]],[[0.7449951]],"1867.843
",,,"1959.698
"
TTTCCGGCAGTTAAGGAAAGGTCATATGGTATACT,[[0.9816714000]],[[0.83576685]],"1910.294
",,,"1790.669
"
CTCGAGGGGGTTTCCATGGATTCGTATTCCCCAGT,[[0.9814406600]],[[0.7722012]],"1918.065
",,,"1895.165
"
GGGTGGGCTTGGTGTGTCAAGAGGTTCTCTCGTACGCAGA,[[0.9813573400]],[[0.92289793]],"1800.494
",,,"1852.350
"
GGGGTCTGAGACTCACACAGTTGGGCGATGTGACGCTGCG,[[0.9812181000]],[[0.6014499]],"1836.695
",,,"1913.432
"
GCGTCCCGTACGTTGTGAGGTAGAGGATCCTGGGTAGTAA,[[0.9810416000]],[[0.86342055]],"1782.626
",,,"1945.856
"
CCCCTGGTCATCACTGGGAGAAGGACTGCTTGTATCCCGA,[[0.9805644000]],[[0.6632653]],"1798.920
",,,"1868.958
"
GTGGTACGACTTTAGTAGTCCAGCAGACGATTTGGGGGTA,[[0.9802443000]],[[0.7627294]],"1698.987
",,,"1964.457
"
CCTGACTCTGTAGCGTGTTATGGTCTCTTGCCTGGGGAGA,[[0.9796022000]],[[0.6705821]],"1740.567
",,,"1714.311
"
GTGGGTTGGAGATTTTTTGCATAGATGGTGGAGGT,[[0.9795266000]],[[0.9767759]],"1755.32
",,,"1630.141
"
CTTACGTCCGCTGAGATGGACGGTCTCCTAGTTCTGGGGA,[[0.9793962000]],[[0.64156073]],"1801.813
",,,"2044.853
"
TAGGACCCTGGGGGGTCTCCCTGTTCCTGACAGGA,[[0.9792833000]],[[0.9722205]],"1955.104
",,,"2046.458
"
CCTCCCTGAATGTGGTACTGGTCGGTAGGTGTCGGCTGCC,[[0.9791648400]],[[0.71119624]],"1953.222
",,,"1966.691
"
AGGGTGGGGTGAGGTGACCCCGTCCAACACTCGACACAGA,[[0.9789322000]],[[0.6419144]],"2060.473
",,T5,
CTCCTGTCGGTAAAGGTACTGGGACATCCTGGGAA,[[0.9789269600]],[[0.6263792]],"1967.369
",¡Ì,,"1846.924
"
CAGCTTCTTTCTGTATGGTATGCGTTGGGTACCCACACGA,[[0.9788984700]],[[0.66631377]],"2225.002
",,T6,
CGGTCATCATTTGGGTAGTAATCAGACCCATTGATGGGAA,[[0.9788777000]],[[0.94283336]],"2142.299
",,,"1846.964
"
TAAGGCGTGGTGGTGTGGGTATTGGAGTGCCTCACTGAGA,[[0.9786008000]],[[0.9741771]],"1802.099
",,,"1988.715
"
ACCCTGATTGGATGGGTAGCCGGTTGTACATGCGACCTCA,[[0.9776335400]],[[0.5303853]],"1951.337
",,,"1960.071
"
AGCGTAGGGGTCCCATTGTAGATATGCTCTGGCCTGCGGC,[[0.9773213000]],[[0.61411136]],"1896.257
",,,"2019.749
"
GAGCTTCGACTCTTGGGACTGCGCTTGAGGACCCCAGAGA,[[0.9772876500]],[[0.43764815]],"1806.696
",,,"1927.672
"
CATTCGCGGACATGGTGTCACGGGGACATCAGCTGTCGTA,[[0.9765439000]],[[0.81917906]],"1847.500
",,,"2089.672
"
ACAGGTGCACGACATCTGGTAGGGGCATGCGTCGT,[[0.9757188600]],[[0.9001107]],"1957.049
",,,"1953.474
"
CCTGACGCGGACTCCACGAGACCAGAGGACTGGGT,[[0.9756616400]],[[0.823041]],"1931.175
",,,"1891.844
"
ATCCATCTGACTCCTACCCCTGGGGTTGACTATCATTACA,[[0.9756319000]],[[0.34211472]],"1868.840
",,,"1902.037
"
GGACCCGGAGACCCTGGGCATGACTTATTGAAGTCGTACA,[[0.9753196000]],[[0.15513346]],"2177.214
",,T7,
GGCGACATAGCGAGCGCCCTCGTCTGGGGGGAGCC,[[0.9751824000]],[[0.77099705]],"1922.211
",,,"1733.714
"
GTCTTGGGTTTTGCTCATGAACCAGAAGCGGGCGGGGTCT,[[0.9751267000]],[[0.52980083]],"1710.999
",,,"1844.332
"
ACCTCCTACTGGGTTACTTCTTACTCGGACTTGGATACCC,[[0.9749079300]],[[0.10014635]],"1915.102
",,,"1694.383
"
GGTTCTCTTTTGGCCCTCAA,[[0.9742601500]],[[0.9382793]],"1969.497
",,,"1923.451
"
GTGTCTGTACCCCCGGTGGTACGATCTCGGATGGTTCCGA,[[0.9740239000]],[[0.4185817]],"2062.115
",,,"1999.269
"
CATCTCAGAGATCGATGATACTGAGGTGTGGAGCTCCCCA,[[0.9738887000]],[[0.47969127]],"1888.722
",,,"1860.651
"
CCTCCCCGTCTGGACTCAGG,[[0.9733938600]],[[0.94209206]],"1904.272
",,,"1989.578
"
ATGGTTTGCATTGTTACTGATTTTGGAAGTTTTATACTAA,[[0.9732680300]],[[0.8220417]],"1610.345
",,,"1752.725
"
CACACACGGGATGGTCTCGAGAGGCGGCCGGTGGTACTAA,[[0.9729034300]],[[0.6261092]],"1848.125
",,,"1704.803
"
ATTAGTTACAGGGTTTTGGTAATCATGGCTGGATAGACAG,[[0.9727871400]],[[0.06426266]],"2130.340
",,,1881.933
CTCTCAGTAGCATCCGGTCAGGTTTCGAGACGTAGGGATA,[[0.9725598700]],[[0.66027606]],"1649.087
",,,"1861.220
"
GACCCCATAGCTGGATAGACCGTCACGGTTGCGGTAGGGA,[[0.9723829600]],[[0.73741335]],"1871.542
",,,"1935.853
"
AGGATGTCTCGGGCGCCGCTGGCGCTGGCA,[[0.9723025000]],[[0.9799543]],"1946.909
",,,"1788.045
"
TGGTGCGCCACGGATCTGTGGGGATCTCCTTTGTCTGGAA,[[0.9720906000]],[[0.70877504]],"2268.189
",,T8,
GACGTGCCAATGCAGGTCTGGGGGCGTTTATGGTGTCTGG,[[0.9720314000]],[[0.5158756]],"2144.450
",,T9,
TCGAGTCACGCTTCGTCTCTTAGGGTGGGGTCTTCTTACA,[[0.9717934000]],[[0.5580004]],"1810.750
",,,"2003.445
"
ACGTGGGTTAGCGTCATTCGTAGCTGCCTGGATTTTGGTC,[[0.9717563400]],[[0.16927622]],"1967.295
",,,"1861.215
"
GTCTTGACCTCTCTTGGCGGCGCAGGTAAAGGGGATTTTA,[[0.9715236000]],[[0.45703357]],"1746.012
",,,"2046.106
"
CTGCGGGTGGCGCTGCTGCCCCAGACGATAGGGTGAATAG,[[0.9714024700]],[[0.75047463]],"1983.173
",,,"1694.202
"
ACTCATCTTGGTACCCTGGGGGGGTGTAGCAGCTCTCATA,[[0.9713442000]],[[0.31786665]],"1709.802
",,,"2108.273
"
CGGGCATGTCTTTGTGGGAGAGCATCATGATTCTCGACGC,[[0.9713438000]],[[0.41951776]],"1833.959
",,,
ACAGGGTGGGCCCATGCAGGTCCCGAAGCAGACTTCTCGT,[[0.9702329600]],[[0.6921097]],"1972.506
",,,
GAGAACCTGACCCCAGCGGGCATAGGATGATGTCTGGGTA,[[0.9693616000]],[[0.7513585]],"2028.802
",,,
CGCCTGCATAGACAGGCTGGACTCGACGCAGGCACGATGA,[[0.9693611000]],[[0.5586711]],"1947.735
",,,
CAGTCGGCGCGATACGATGGGTATGAAGCGGGCGGCACGT,[[0.9690336000]],[[0.6490114]],"1884.024
",,,
GACGTGGAGGTTGTGCCCTGCTGGTTTACTAGATGTGTAG,[[0.9684664000]],[[0.3029658]],"1814.317
",,,
CATCGACGCGCGACCATCCTCTTAGGTGCTGGGTCGGAGA,[[0.9684361000]],[[0.7532082]],"1810.797
",,,
GAACGGCACTGGGTCACGGATGCGATGGGTGAGTT,[[0.9681273700]],[[0.59977406]],"1720.735
",,,
GCGCAGCGGCGGGGGGTTACAGTGGTAGGTGACCCGCTTG,[[0.9675327000]],[[0.4932713]],"1878.518
",,,
GTCGTACTTCTGCGTGTACAGGGTTCATGTTTCTCCCAGA,[[0.9673474000]],[[0.16796087]],"2198.590
",,T10,
ACAAAGATCTACCTCTGGGTACCGGTCGGTGGGGTATTGA,[[0.9672910600]],[[0.264105]],"1715.641
",,,
CGCCGTATCTTTCGCAGGTCATTTGGGTCTCAGGTCTATC,[[0.9670811000]],[[0.41527015]],"1753.811
",,,
CATAGACATGCCCATCATAGATGTCGCTGGTGGTCGTACG,[[0.9669859400]],[[0.18668838]],"1957.360
",,,
ACTGGCTCGACTCGCTGGGCAGCTATAAACAGGGG,[[0.9666001000]],[[0.67333853]],"1663.784
",,,
TTGGGCTACAAGATTGTTTAACTCAGGGCGATATG,[[0.9665320500]],[[0.11803434]],"1869.279
",,,
GTGGTGTAAGCTGTCACAGGACAACGACGTATTGGTGGGA,[[0.9657519000]],[[0.8596274]],"1847.775
",,,
CGCTGGACAGACTCTTGGGTGCTTTGGTCTCGAGAACGAA,[[0.9657349000]],[[0.3602241]],"1837.199
",,,
GGGATGTTTTTGGTGGGTCCCATACCGAACTTCTC,[[0.9651863000]],[[0.4242513]],"1899.095
",,,
TTTGAAGATGCACTGGGATGGGTGTGAGCACTGAC,[[0.9650278700]],[[0.62807953]],"1892.533
",,,
TGTATTACTCACGGGGTCGACACCAGTCGGGCACGCAGGG,[[0.9648305000]],[[0.50835174]],"1738.645
",,,
CTCTTGTGGACTTTCCCCGGGTGTAGATAGGGCAC,[[0.9645352000]],[[0.5334909]],"1700.031
",,,
GCGCTCTTCCTGCACTGAAGGGCGTCAGCATGGGATGCGT,[[0.9642999000]],[[0.42792812]],"2088.049
",,,
TTTGGGGAGTCCCGGCGCTGGTCTCAGTGGTATGGTTGAA,[[0.9642020500]],[[0.6176141]],"1828.802
",,,
GGTTGACGTGGCGGGGGGGTGATCGTGTCTCGCGGCCTCC,[[0.9640205500]],[[0.5169622]],"1889.168
",,,
TCGTACTAAGGCAGGTCGTGTGCAGCACTTGGTGTCGGGT,[[0.9638387000]],[[0.5340462]],"1785.749
",,,
GCAAGGTGATGAGGGGGCCCCTCGTTGGAGATTGTATAGT,[[0.9629110700]],[[0.7947414]],"1912.717
",,,
GGGACTCTCGGTGGCCCGGCTGGGTAACAGACCATCGTAG,[[0.9623010000]],[[0.55493724]],"2070.440
",,,
CACGGTCCTCCCTGTACAGTGGTGAGCGCGTGGATTGTTA,[[0.9617130000]],[[0.23088565]],"1712.666
",,,
TCGTCATTGGTCGTGGGGCGTCGGGATTGGCTCGCCCACA,[[0.9616920400]],[[0.40757546]],"2087.092
",,T11,
GTGGGGTATATCGGCTTCTTGAGGTAAGGATGATACCCAA,[[0.9616836000]],[[0.9467128]],"1864.302
",,,
TAGTGGATCGGCAGCTGACTCGCGTCGAATTAGGGGGTAA,[[0.9616819000]],[[0.62419856]],"1789.763
",,,
AATGTCGTCACACATACAGAGCTCATCTTTGGGGG,[[0.9615919600]],[[0.25456852]],"1805.850
",,,
TGGAGCATTTATGGGGTCCGCGGTAAGATAGATGCGTAAA,[[0.9611454000]],[[0.5527434]],"1723.351
",,,
TTGTGTTTGGATAGGAGAGGTATGGAGTCTGCGCCCTCCA,[[0.9610951000]],[[0.26518622]],"1758.411
",,,
AGGACGACTACTGTGGCGAGACCTCTCTGAGGGGCGCGCA,[[0.9610726000]],[[0.31857738]],"1885.872
",,,
AAGGGTATTTCATGGTTTATATGGGATCCCAGGAG,[[0.9606074000]],[[0.54967046]],"1805.582
",,,
ATTGGACGGCTCTTAGCACAGGCATCTCGCGGGGTGCCGA,[[0.9597004000]],[[0.55851936]],"1851.817
",,,
AGGTTCTTGGGGGGGAAGTCAGCTCCCCTTCTTCT,[[0.9582538600]],[[0.8177697]],"1772.240
",,,
CGTGGTATGGAGGTCTTTCTCACAAGGTCCCGTAGCGGAA,[[0.9581571000]],[[0.29574823]],"1615.844
",,,
GGTACGCAAAATTTTGCGGGCGTGGCATGGCTTGGGGCAG,[[0.9580369600]],[[0.22898737]],"1896.755
",,,
TCCTCTCATTCTTCGCGGGGTTGGGTAGCGGGGATCGGTA,[[0.9570105700]],[[0.55913484]],"1746.264
",,,
GAGCCAGTCGCGCTCTGGGGGCCTTTGCTGTTGGGAGCGT,[[0.9569043500]],[[0.8781672]],"1974.968
",,,
TTGTAGGTCATAAGAAAAGTTCGGGTTTCGCGCTAGGTAT,[[0.9567727000]],[[0.6671903]],"1893.384
",,,
AGATTGTGCACGGTGACACATGCGGTTGGGGGAGCTCTAA,[[0.9567638600]],[[0.39987552]],"1737.007
",,,
TCTTGGGATTTTGACAAACTCTTAGAATTTTTAGG,[[0.9565598400]],[[0.02565847]],"2083.129
",,,
GCTGGCTCTCGGTAGGTTCAGTTGTCGTGGTTTGAAGAGA,[[0.9559700000]],[[0.17551537]],"1937.859
",,,
CTTTGGGACGTGTAAGCTCGTGATACACCCATGGGTAACG,[[0.9556321500]],[[0.47125465]],"2069.648
",,T12,
GTTCCAGGCTCTATGGCTTATCATATCCCTTGGGATCACA,[[0.9555589000]],[[0.11129326]],"1907.008
",,,
CTATGTAGGAGGACTCAGGCGTAATTACCCTCTGCGGAGA,[[0.9550401000]],[[0.16844276]],"1629.746
",,,
AGCTCATACCAGTACATGATTTTTTGGGCTGGGAT,[[0.9547432700]],[[0.08698637]],"1779.706
",,,
GGCATTACACAGCCATCAGGCAGTGCAGTCTGGGTCTTCG,[[0.9541018000]],[[0.76808906]],"2261.904
",,,
CGCTTCATGAATTTCCTTGTCCTCGGTATTTAGGG,[[0.9527391000]],[[0.9272598]],"1755.169
",,,
GATGTAACCTGGTGCGGCGGACAGGTGGTAATTGCGTACT,[[0.9524799600]],[[0.3410063]],"1873.345
",,,
AGCACTCCCTCAGGGGGTTTGCGACGACGATGTGTAACAG,[[0.9521117000]],[[0.12309299]],"1853.524
",,,
TCCCCTACGGGCATTGACATGACGTAGGTGACCCTTGGTA,[[0.9517085000]],[[0.04256253]],"1893.625
",,,
GCGATGGGGACTCACGGTAAACCATTCGGGTTCGAAGACA,[[0.9512047000]],[[0.4095731]],"1849.647
",,,
CCGGCGAATGGGGCACTCATGGTACTAATTTGAGACGGGA,[[0.9510990400]],[[0.43537423]],"1674.663
",,,
GCGGTCTGACGACGTATTAGTAAGCGGTCTGGAGGACTGG,[[0.9505495000]],[[0.7136386]],"1746.996
",,,
GGGCCGTGGACGTTATCAGGCATTTTTGGAGACTC,[[0.9502565000]],[[0.08314063]],"1882.317
",,,
GGACGTCAGTCGTAAATCGACGAGTGGGTGCGCAG,[[0.9499289000]],[[0.69138676]],"2227.072
",,,
ACGGCGTGGTTTTGGGTTTGTAAGGCTCCATCAATTGTTC,[[0.9492704000]],[[0.01737482]],"1671.952
",,,
TCACAGGGTCCGCGGGGTATGACCCACACTCGGGGATGTA,[[0.9490104300]],[[0.36159438]],"1793.185
",,,
ATGACGCTGAGACGTTGACATTCTCGTGTATTGGG,[[0.9487719500]],[[0.03504378]],"1908.263
",,,
TACGATGATTACGGCTCTTGGTTTTTTTTTAAGGGTGCTC,[[0.9485934400]],[[0.01749417]],"1750.474
",,,
CTGGAGATGGCTGCGACGAGATCTGGGCGTCTCGCTTCCT,[[0.9483689700]],[[0.37099645]],"1879.522
",,,
GCGCGCGCCGACGTATATGACATAGATGTGTATCGACGGA,[[0.9474115400]],[[0.41456664]],"1719.558
",,,
AAGCGCGGAGATACTGGTATGTACGCATGCGGATGGGTCT,[[0.9463143300]],[[0.74091876]],"1675.666
",,,
GACAGTACTGGCACCGCGGAAGGATGTCCGGATATCAGGA,[[0.9445424700]],[[0.8940758]],"1924.866
",,,
GGTCTTTGGTCTCCGACTTA,[[0.9443195000]],[[0.9601591]],"1929.473
","1882.143
",,
CTCATATATTTCTTCTGTTAAGGTTACGGACTCAA,[[0.9436933400]],[[0.34669158]],"1959.902
",,,
ATTCTGTTTTGGGCCCGACTAGGATTAGGTACCCATGTCG,[[0.9432968500]],[[0.04446432]],"2008.285
",,,
ATTACTCGGGACCCGACCTTTTGGCTTAATGGTAAGCTCA,[[0.9432865000]],[[0.03252663]],"1922.496
",,,
GATAACGAAATGGGGGGCGCGTCCTGGGTGTGATGCGAGG,[[0.9432685400]],[[0.46681327]],"1824.962
",,,
GTCTCCTTGCAGTTGTGGGACCTGTACTTACGGGA,[[0.9427728700]],[[0.38452744]],"1911.870
",,,
TTATAGCGGGTGGGGACTCGGCTGGTTATTGTCGTCCTGA,[[0.9421067000]],[[0.15456404]],"1777.696
",,,
TTACTGAGTTGGTCCGGACGTTGAGAAGCGGGTACGACTC,[[0.9416753600]],[[0.19995548]],"1739.184
",,,
AGTAGGGTAGGATCCCTGGGTGACCTCGCACCCCTGGCCA,[[0.9414366500]],[[0.08125324]],"1803.736
",,,
AAGCAGATTCGCAGCGGGGTGGGTGTCTCCCAGACAAGAA,[[0.9402981000]],[[0.31909296]],"2016.899
",,,
TTGGGTGCACAGGGAGATAGGGCACTCTTGTTTGC,[[0.9396708600]],[[0.4541881]],"1821.216
",,,
CCTCTCATTAGGGCGAGGAATACTTTGGTATTGAA,[[0.9372320000]],[[0.02891269]],"1846.277
",,,
TGGTTTCACTCAAACAGTATGTTGGAAGGGATGGCATTCA,[[0.9360497000]],[[0.10837255]],"1814.980
",,,
CGCCCAGGGGGCCTGGCAGTGGTTGGGTCCGCCCATCACA,[[0.9357757000]],[[0.3305174]],"1946.793
",,,
TGAAGGTTTCATATCCTAAGTTTAAAGGTTTTGGTAAATA,[[0.9345130000]],[[0.17127676]],"1879.459
",,,
CATCATTTGTCGTCCTGGGTCATACTCTTCGACATAGGTA,[[0.9344230000]],[[0.5309834]],"1814.648
",,,
AACTCACAGAGGGTCTTGCTGGTGTTCCGTCACTG,[[0.9343374000]],[[0.07857603]],"1831.871
",,,
AAGGGTGGGTTTTTGGGGGGCGTCCCTTGGCAGGTGTCTA,[[0.9336910000]],[[0.925984]],"1801.18
","1832.931
",,
TGGCCCGGGGCCACCGATTGTTAACTCAGCAGTGGGGTGG,[[0.9325980000]],[[0.24090785]],"2002.246
",,,
GACGAGGTGGGTGTAAGCGCCATAGGGCATGCGGACATTC,[[0.9325920000]],[[0.5306095]],"1842.338
",,,
GGGGGCCCCTAGGTGGAGGTAGATTGCCAGTAGTTAGGTG,[[0.9324010600]],[[0.8055633]],"1830.570
",,,
ACGCAGCAGAGGAAGTATCATGGTCCATGAGCGGGCACCA,[[0.9323939700]],[[0.38404554]],"2280.520
",,T13,
AGGGGTAGATGTCTCAGACAATACCGGACGTGGTTCGCCA,[[0.9318369600]],[[0.7435216]],"1887.031
",,,
TGACGGGACTCTGTTAAGGCCCACAGGGGATCACA,[[0.9317174600]],[[0.46733952]],"1922.830
",,,
CGGGGTTGCTGCACTCGGCATAGCTGACATAGGGCTCTGA,[[0.9310991000]],[[0.26255918]],"2053.953
",,T14,
TCCCCTTCGAACGCGAGTCTGGGTGGTACAGTGATTCGCA,[[0.9310077000]],[[0.44694296]],"1839.964
",,,
TATTATAGCGCTCGGCGAGTAGGCTATGGGGGTCACACGT,[[0.9300638000]],[[0.32279932]],"1795.837
",,,
GTCGTCCTTCCGACGACTCACATGAGGGTGGGGGA,[[0.9295599000]],[[0.81573486]],"1801.057
",,,
ACCCGTGGGGGTCAAAGGATCCAGCAGTCACGAAGTAGGC,[[0.9285838000]],[[0.45667097]],"1787.377
",,,
TGGCACAGCTAGAGGGGGGGCGCACGACCGGGGTCCCCCA,[[0.9282849000]],[[0.2764208]],"1995.647
",,,
TAGAGGTATTAGGCGGCAGGTGATGACATCCACGCTGGGT,[[0.9280296000]],[[0.63857806]],"1770.302
",,,
GGTCAAGAACTGAAGGACCCTCGGGGTAGGTGGAGCGCCA,[[0.9276715500]],[[0.0920176]],"2053.125
",,,
TGGCGACCTTCTCTTCGGCCCGGGGCAGTGGCTGCACACA,[[0.9269798000]],[[0.4812395]],"1754.287
",,,
GACCTCCTGAAGTATAGTCTTGGTTTCGAGGCTCTGGGGA,[[0.9269015000]],[[0.11019392]],"1932.536
",,,
TCGCGTTGTACCCTGGTACGGGCTGGTTTGGGGCTCCCCA,[[0.9267994000]],[[0.01906835]],"2271.805
",,,
ATCTCATCCCCTCTTGGACTGAGGGGAGGATCGGG,[[0.9264974600]],[[0.8565323]],"1827.710
",,,
CTTAGTCTCTCTGGCACATTACCGTTTCCATGGGGACGGA,[[0.9250849000]],[[0.28786045]],"1667.190
",,,
GAGCAGTTAGTCCTGGCAGGTCTGGGCGCGCCCTATGAGA,[[0.9247106000]],[[0.32538095]],"1828.794
",,,
AGGTACTCGATCTTATTTAGGAGAGTTGTTTAGGGATACG,[[0.9239239700]],[[0.08263921]],"1830.076
",,,
ACTTAGAGGAAGGAGGAAAGCTATGCTTCCCTGACAAGGA,[[0.9229327000]],[[0.47092122]],"1912.279
",,,
CTCTCGGCGGGACTGACGTATCAGTAGGGCTCATGTCCCC,[[0.9213015400]],[[0.07116811]],"1704.410
",,,
TGTCAAACAGCTCTGGGTACTGTTTGGTACCCTTGAAGCA,[[0.9212840000]],[[0.00939399]],"1909.984
",,,
GGTGAACTTTGGTCTGACACCGCTTACAGGGGGCAGCGGA,[[0.9211026400]],[[0.4147436]],"1844.495
",,,
GAAAATATCCTGACATGGCACAGCAGGGTTGTACCACTGC,[[0.9198277000]],[[0.01860318]],"2059.852
",,,
GGGACACGAGGTTTTGGCACAGCGGGAGTGCTACTGTTTG,[[0.9191409000]],[[0.27928373]],"1919.912
",,,
GACCGCAGACCAGATATGGTGCCATTGGGGGACTCGCCGT,[[0.9180695400]],[[0.5603941]],"1785.484
",,,
ACGATGTTTTGGAGGGTGGTAGTTAGTGCTCGACTGGTTC,[[0.9174861000]],[[0.06452409]],"2173.360
",,,
GGGCTTGGGCACAGCATAGTGTTTGACCCATACATGCGAA,[[0.9167481000]],[[0.3490561]],"1727.450
",,,
GGGACTTGATATCAGGGAGACTCTAGTCCCGCTAATTGTA,[[0.9159454000]],[[0.06509959]],"1783.063
",,,
TCATGGTCAATTGATTATGTGTGAGGGATACCCTCCTTCA,[[0.9154814000]],[[0.02305215]],"2060.608
",,,
CGGACAGTACGGACGCACGACCCGTCTGTCACCTCAGACA,[[0.9153351000]],[[0.05970939]],"1775.012
",,,
TTCCCCCTGGGCGGGTTGAGAGGGCTAGATTCTGATCTCA,[[0.9152165000]],[[0.08800594]],"1906.632
",,,
GTTCTCGGGGTTAATGCAGTAGATGTACTCGAAGT,[[0.9145919700]],[[0.22064944]],"2157.097
",,,
GTACTCGTGGGCCAGATAGACATTGGTATTCCGGCGGTCC,[[0.9142476000]],[[0.12483999]],"1723.641
",,,
TGGCTTAGTGATGTAAGGGCATTAACATGGTGCACGATAG,[[0.9131552000]],[[0.21627378]],"1695.764
",,,
GGTGCCCCAGGAGATGACGTGTAAGTTTGATGGGCCTGTT,[[0.9126987500]],[[0.3713353]],"1899.199
",,,
GTCTGTCACGGAGGGCTCAGACAGGCGATACGCTTCATAG,[[0.9099744000]],[[0.0767072]],"1895.691
",,,
GCAGCATGGTGTGCTCACGTGGGCCACTGTGATACAGTTA,[[0.9094528000]],[[0.207999]],"1810.730
",,,
CTCCCTGGACTATGTTACTTGGGTAGAGCCGCGTCGTACA,[[0.9092604500]],[[0.00876892]],"1971.713
",,,
GACTTCACTTAGGTCTCATACTAGTTTTGGGTGTA,[[0.9087951000]],[[0.02258606]],"1870.768
",6k4j_clea,2_p08962.B99990001_m.pdb,
AAACTTGGGTTGTCTAGACTGACTTAATATCTCTG,[[0.9087537000]],[[0.00348695]],"2075.373
","2075.373
","1718.730
",
GCACTGTAACGAAGGTGGGTGATGTTGACAGGAGCGATTA,[[0.9086475000]],[[0.2480277]],"1815.869
",,,
TGGTATGGGCATGCGATCGAGTAGCTTGGATAATAAGCGA,[[0.9085445400]],[[0.48980287]],"2003.901
",,,
CTTTGACGCCTCACAGACAGGGTGTTGGGAAATTG,[[0.9077854000]],[[0.07757939]],"2046.735
",,,
TTCACAGTCTGGGAAACACGAATCCGAGTGAGTTGGGTGC,[[0.9058458000]],[[0.2707135]],"2018.342
",,,
TGGGGTAGAAGGAACTGTACTTGGCTCTGAAGATCGTACA,[[0.9053612400]],[[0.04883645]],"1912.539
",,,
AGACCTGACATCGACTCGTTGTCGCGAACCTGGGGTGCGA,[[0.9050230400]],[[0.06631979]],"1788.419
",,,
TGGGGTCCTGTATAGACGGTACCCATTATCTCAGA,[[0.9038588400]],[[0.21353461]],"2003.087
",,,
CACCCCGACAGGGGATGGTTCCGTGTATTGAGACAGCCCA,[[0.9034322000]],[[0.28969738]],"2014.638
",,,
GGCGCCTTGGTGCACGAGAGGGCGTGTCAGGTACCGCATG,[[0.9027498400]],[[0.38227925]],"1787.274
",,,
GGGAAGCATCTACGGGCATGGGACGCACTGGTCTACTCGT,[[0.9018429000]],[[0.4766818]],"1962.971
",,,
